key	query	seed_ortholog	evalue	score	eggNOG_OGs	description	preferred_name	GOs	KEGG_ko	KEGG_pathway	brite	PFAMs
2530	EXG77663.1	563031.HMPREF0666_02996	1.92e-248	692.0	COG0593@1|root,COG0593@2|Bacteria,4NE6Q@976|Bacteroidetes,2FNPD@200643|Bacteroidia	it binds specifically double-stranded DNA at a 9 bp consensus (dnaA box) 5'-TTATC CA A CA A-3'. DnaA binds to ATP and to acidic phospholipids	dnaA	GO:0003674,GO:0003676,GO:0003677,GO:0003688,GO:0003690,GO:0005488,GO:0005575,GO:0005622,GO:0005623,GO:0005737,GO:0005886,GO:0006139,GO:0006259,GO:0006260,GO:0006261,GO:0006270,GO:0006725,GO:0006807,GO:0008150,GO:0008152,GO:0009058,GO:0009059,GO:0009987,GO:0016020,GO:0034641,GO:0034645,GO:0043170,GO:0043565,GO:0044237,GO:0044238,GO:0044249,GO:0044260,GO:0044424,GO:0044464,GO:0046483,GO:0071704,GO:0071944,GO:0090304,GO:0097159,GO:1901360,GO:1901363,GO:1901576,GO:1990837	ko:K02313	ko02020,ko04112,map02020,map04112	ko00000,ko00001,ko03032,ko03036	Bac_DnaA,Bac_DnaA_C,DnaA_N
2530	EXG77664.1	862515.HMPREF0658_0311	0.0	915.0	COG4206@1|root,COG4206@2|Bacteria,4NHH8@976|Bacteroidetes,2FQ8Y@200643|Bacteroidia	TonB-dependent receptor	-	-	ko:K02014	-	ko00000,ko02000	Plug,TonB_dep_Rec
2530	EXG77665.1	575615.HMPREF0670_00243	8.96e-158	450.0	COG0385@1|root,COG0385@2|Bacteria,4NFWK@976|Bacteroidetes,2FM0C@200643|Bacteroidia	Sodium bile acid symporter family	-	-	ko:K03453	-	ko00000	SBF
2530	EXG77666.1	1235815.BAIX01000017_gene1463	9.04e-170	482.0	COG0793@1|root,COG0793@2|Bacteria,4NFEN@976|Bacteroidetes,2FMMP@200643|Bacteroidia	peptidase S41	-	-	-	-	-	Peptidase_S41,Tricorn_C1
2530	EXG77667.1	619693.HMPREF6745_0686	7.5e-97	293.0	29UC5@1|root,30FNJ@2|Bacteria,4NS0Y@976|Bacteroidetes,2FNR7@200643|Bacteroidia	Protein of unknown function (DUF3316)	-	-	-	-	-	DUF3316
2530	EXG77668.1	1235815.BAIX01000017_gene1466	0.0	1464.0	COG0188@1|root,COG0188@2|Bacteria,4NERI@976|Bacteroidetes,2FPAU@200643|Bacteroidia	Belongs to the type II topoisomerase GyrA ParC subunit family	parC	-	ko:K02621	-	ko00000,ko01000,ko02048,ko03032,ko03036	DNA_topoisoIV
2530	EXG77669.1	1235815.BAIX01000004_gene532	0.0	970.0	COG0423@1|root,COG0423@2|Bacteria,4NE1C@976|Bacteroidetes,2FMM2@200643|Bacteroidia	Belongs to the class-II aminoacyl-tRNA synthetase family	glyQS	-	ko:K01880	ko00970,map00970	ko00000,ko00001,ko00002,ko01000,ko01007,ko03016,ko03029	HGTP_anticodon,tRNA-synt_2b
2530	EXG77670.1	1122990.BAJH01000010_gene1445	1.85e-64	205.0	COG0545@1|root,COG0545@2|Bacteria,4NTMN@976|Bacteroidetes,2FTCX@200643|Bacteroidia	Peptidyl-prolyl cis-trans isomerase	mip	-	ko:K03773	-	ko00000,ko01000,ko03110	FKBP_C
2530	EXG77671.1	1122990.BAJH01000010_gene1436	1.25e-164	464.0	COG0730@1|root,COG0730@2|Bacteria,4NGP8@976|Bacteroidetes,2FPXR@200643|Bacteroidia	membrane transporter protein	-	-	ko:K07090	-	ko00000	TauE
2530	EXG77672.1	1122990.BAJH01000010_gene1437	1.28e-68	209.0	COG4272@1|root,COG4272@2|Bacteria,4NSD4@976|Bacteroidetes,2FU1K@200643|Bacteroidia	Protein of unknown function (DUF1634)	-	-	-	-	-	DUF1634
2530	EXG77673.1	679937.Bcop_1571	7.17e-54	189.0	COG0526@1|root,COG0526@2|Bacteria,4NEX3@976|Bacteroidetes,2FN8N@200643|Bacteroidia,4AQ4F@815|Bacteroidaceae	Thioredoxin	-	-	-	-	-	AhpC-TSA,DUF4369,Thioredoxin_8
2530	EXG77674.1	457424.BFAG_01898	3.03e-85	273.0	COG0793@1|root,COG0793@2|Bacteria,4NJAA@976|Bacteroidetes,2FVB8@200643|Bacteroidia,4ASDU@815|Bacteroidaceae	Peptidase family S41	-	-	-	-	-	Peptidase_S41
2530	EXG77675.1	1227276.HMPREF9148_01065	9.03e-14	71.2	296CV@1|root,2ZTNM@2|Bacteria,4P7II@976|Bacteroidetes,2FZP6@200643|Bacteroidia	-	-	-	-	-	-	BACON
2530	EXG77676.1	264731.PRU_2727	1.23e-34	128.0	2C3K0@1|root,33CUM@2|Bacteria,4P646@976|Bacteroidetes,2FYXY@200643|Bacteroidia	-	-	-	-	-	-	OMP_b-brl
2530	EXG77677.1	1410613.JNKF01000010_gene577	3.82e-80	242.0	28PCM@1|root,2ZC4W@2|Bacteria,4NMCM@976|Bacteroidetes,2FNT0@200643|Bacteroidia	Psort location Cytoplasmic, score 8.96	-	-	-	-	-	-
2530	EXG77678.1	1250005.PHEL85_0693	6.44e-80	251.0	2AXZN@1|root,31Q17@2|Bacteria,4NQRZ@976|Bacteroidetes	Domain of unknown function (DUF1837)	-	-	-	-	-	DUF1837
2530	EXG77679.1	1123035.ARLA01000016_gene52	1.14e-200	593.0	COG4581@1|root,COG4581@2|Bacteria,4PMUY@976|Bacteroidetes,1IKS5@117743|Flavobacteriia	helicase superfamily c-terminal domain	-	-	-	-	-	Helicase_C,ResIII
2530	EXG77681.1	1121101.HMPREF1532_02946	3.04e-78	249.0	2DS4G@1|root,32USC@2|Bacteria,4NV9W@976|Bacteroidetes,2FV9Y@200643|Bacteroidia	-	-	-	-	-	-	-
2530	EXG77682.1	445970.ALIPUT_00984	2.96e-110	325.0	28NGA@1|root,2ZBIF@2|Bacteria,4NKF6@976|Bacteroidetes,2FQ0P@200643|Bacteroidia	Protein of unknown function (DUF2971)	-	-	-	-	-	DUF2971
2530	EXG77683.1	1122990.BAJH01000010_gene1460	7.7e-80	238.0	COG2259@1|root,COG2259@2|Bacteria,4NSHH@976|Bacteroidetes,2FTHJ@200643|Bacteroidia	DoxX family	-	-	ko:K15977	-	ko00000	DoxX
2530	EXG77684.1	1122989.KB898581_gene1399	0.0	1192.0	COG2207@1|root,COG3292@1|root,COG2207@2|Bacteria,COG3292@2|Bacteria,4NGKF@976|Bacteroidetes,2FP9T@200643|Bacteroidia	regulator	-	-	-	-	-	HATPase_c,HTH_18,HisKA,Reg_prop,Response_reg,Y_Y_Y
2530	EXG77685.1	1122990.BAJH01000020_gene2179	1.11e-197	549.0	COG3588@1|root,COG3588@2|Bacteria,4NJRP@976|Bacteroidetes,2FWJM@200643|Bacteroidia	Fructose-bisphosphate aldolase class-I	fda	-	ko:K01623	ko00010,ko00030,ko00051,ko00680,ko00710,ko01100,ko01110,ko01120,ko01130,ko01200,ko01230,map00010,map00030,map00051,map00680,map00710,map01100,map01110,map01120,map01130,map01200,map01230	ko00000,ko00001,ko00002,ko01000,ko03036,ko04131,ko04147	Glycolytic
2530	EXG77686.1	1122990.BAJH01000020_gene2180	2.6e-179	499.0	COG0588@1|root,COG0588@2|Bacteria,4NFP5@976|Bacteroidetes,2FP93@200643|Bacteroidia	Catalyzes the interconversion of 2-phosphoglycerate and 3-phosphoglycerate	gpmA	GO:0003674,GO:0003824,GO:0004619,GO:0005575,GO:0005622,GO:0005623,GO:0005737,GO:0005829,GO:0005975,GO:0005996,GO:0006006,GO:0006082,GO:0006090,GO:0006091,GO:0006094,GO:0006096,GO:0006109,GO:0006139,GO:0006140,GO:0006163,GO:0006164,GO:0006165,GO:0006725,GO:0006732,GO:0006733,GO:0006753,GO:0006754,GO:0006757,GO:0006793,GO:0006796,GO:0006807,GO:0008150,GO:0008152,GO:0009056,GO:0009058,GO:0009108,GO:0009117,GO:0009123,GO:0009124,GO:0009126,GO:0009127,GO:0009132,GO:0009135,GO:0009141,GO:0009142,GO:0009144,GO:0009145,GO:0009150,GO:0009152,GO:0009156,GO:0009161,GO:0009165,GO:0009166,GO:0009167,GO:0009168,GO:0009179,GO:0009185,GO:0009199,GO:0009201,GO:0009205,GO:0009206,GO:0009259,GO:0009260,GO:0009894,GO:0009987,GO:0010675,GO:0016051,GO:0016052,GO:0016053,GO:0016310,GO:0016853,GO:0016866,GO:0016868,GO:0017144,GO:0018130,GO:0019219,GO:0019220,GO:0019222,GO:0019318,GO:0019319,GO:0019359,GO:0019362,GO:0019363,GO:0019438,GO:0019439,GO:0019637,GO:0019693,GO:0019752,GO:0031323,GO:0031329,GO:0032787,GO:0034248,GO:0034404,GO:0034641,GO:0034654,GO:0034655,GO:0042866,GO:0043436,GO:0043455,GO:0043456,GO:0043470,GO:0043471,GO:0044237,GO:0044238,GO:0044248,GO:0044249,GO:0044270,GO:0044271,GO:0044281,GO:0044283,GO:0044424,GO:0044444,GO:0044464,GO:0046031,GO:0046034,GO:0046364,GO:0046390,GO:0046394,GO:0046434,GO:0046483,GO:0046496,GO:0046538,GO:0046700,GO:0046939,GO:0050789,GO:0050794,GO:0051171,GO:0051174,GO:0051186,GO:0051188,GO:0051193,GO:0051196,GO:0055086,GO:0060255,GO:0062012,GO:0065007,GO:0071704,GO:0072330,GO:0072521,GO:0072522,GO:0072524,GO:0072525,GO:0080090,GO:0090407,GO:1901135,GO:1901137,GO:1901292,GO:1901293,GO:1901360,GO:1901361,GO:1901362,GO:1901564,GO:1901566,GO:1901575,GO:1901576,GO:1902031	ko:K01834	ko00010,ko00260,ko00680,ko01100,ko01110,ko01120,ko01130,ko01200,ko01230,ko04922,ko05230,map00010,map00260,map00680,map01100,map01110,map01120,map01130,map01200,map01230,map04922,map05230	ko00000,ko00001,ko00002,ko01000,ko04131,ko04147	His_Phos_1
2530	EXG77687.1	1122990.BAJH01000020_gene2182	0.0	2020.0	COG4772@1|root,COG4772@2|Bacteria,4PM03@976|Bacteroidetes,2G09Q@200643|Bacteroidia	TonB-linked outer membrane protein, SusC RagA family	-	-	-	-	-	CarbopepD_reg_2,Plug,TonB_dep_Rec
2530	EXG77688.1	1122990.BAJH01000020_gene2183	0.0	1141.0	COG3637@1|root,COG3637@2|Bacteria,4NIM3@976|Bacteroidetes,2FQ8J@200643|Bacteroidia	SusD family	-	-	ko:K21572	-	ko00000,ko02000	SusD-like_3,SusD_RagB
2530	EXG77689.1	1122990.BAJH01000020_gene2184	0.0	960.0	28M0R@1|root,2ZAFQ@2|Bacteria,4NJTS@976|Bacteroidetes,2FRDI@200643|Bacteroidia	-	-	-	-	-	-	Big_3,Laminin_G_3
2530	EXG77690.1	1122990.BAJH01000020_gene2187	0.0	998.0	COG3507@1|root,COG3507@2|Bacteria,4NIHD@976|Bacteroidetes,2FQIF@200643|Bacteroidia	Glycosyl hydrolases family 43	-	-	ko:K06113	-	ko00000,ko01000	GH43_C,Glyco_hydro_43
2530	EXG77691.1	1122990.BAJH01000020_gene2188	2.36e-230	634.0	COG3507@1|root,COG3507@2|Bacteria,4NFU3@976|Bacteroidetes,2FNAE@200643|Bacteroidia	Glycosyl hydrolases family 43	-	-	ko:K06113	-	ko00000,ko01000	Glyco_hydro_43,RicinB_lectin_2
2530	EXG77692.1	1203550.HMPREF1475_00922	2.25e-45	155.0	2DHK8@1|root,3004B@2|Bacteria,4PGXY@976|Bacteroidetes,2FXI6@200643|Bacteroidia	-	-	-	-	-	-	-
2530	EXG77693.1	908937.Prede_2347	8.72e-56	178.0	COG3682@1|root,COG3682@2|Bacteria	negative regulation of transcription, DNA-templated	-	-	-	-	-	Penicillinase_R
2530	EXG77694.1	908937.Prede_2346	1.76e-91	295.0	COG4219@1|root,COG4219@2|Bacteria,4NDWS@976|Bacteroidetes,2FNCU@200643|Bacteroidia	Interacts with outer membrane receptor proteins that carry out high-affinity binding and energy dependent uptake into the periplasmic space of specific substrates. It could act to transduce energy from the cytoplasmic membrane to specific energy- requiring processes in the outer membrane, resulting in the release into the periplasm of ligands bound by these outer membrane proteins	-	-	-	-	-	CarbopepD_reg_2,Peptidase_M56,Plug,TonB_C
2530	EXG77695.1	1410613.JNKF01000016_gene2257	0.0	1079.0	COG0443@1|root,COG0443@2|Bacteria,4NERF@976|Bacteroidetes,2FMNH@200643|Bacteroidia	Heat shock 70 kDa protein	dnaK	-	ko:K04043	ko03018,ko04212,ko05152,map03018,map04212,map05152	ko00000,ko00001,ko03019,ko03029,ko03110,ko04147	HSP70
2530	EXG77696.1	1410613.JNKF01000016_gene2256	2.02e-114	350.0	2EP5R@1|root,33GSF@2|Bacteria,4NYUF@976|Bacteroidetes,2FPIG@200643|Bacteroidia	-	-	-	-	-	-	-
2530	EXG77697.1	1203550.HMPREF1475_01875	3.78e-213	592.0	COG0468@1|root,COG0468@2|Bacteria,4NEXT@976|Bacteroidetes,2FN5D@200643|Bacteroidia	Can catalyze the hydrolysis of ATP in the presence of single-stranded DNA, the ATP-dependent uptake of single-stranded DNA by duplex DNA, and the ATP-dependent hybridization of homologous single-stranded DNAs. It interacts with LexA causing its activation and leading to its autocatalytic cleavage	recA	-	ko:K03553	ko03440,map03440	ko00000,ko00001,ko00002,ko03400	RecA
2530	EXG77698.1	483216.BACEGG_02141	2.85e-267	734.0	COG1748@1|root,COG1748@2|Bacteria,4NE0Y@976|Bacteroidetes,2FMKT@200643|Bacteroidia,4AMU8@815|Bacteroidaceae	COG1748 Saccharopine dehydrogenase and related	LYS1	-	ko:K00290	ko00300,ko00310,ko01100,ko01110,ko01130,ko01230,map00300,map00310,map01100,map01110,map01130,map01230	ko00000,ko00001,ko00002,ko01000	Sacchrp_dh_C,Sacchrp_dh_NADP
2530	EXG77699.1	1236494.BAJN01000011_gene1627	6.48e-88	263.0	2ARHI@1|root,31GTW@2|Bacteria,4NRV6@976|Bacteroidetes,2FSUZ@200643|Bacteroidia	Psort location Cytoplasmic, score 8.96	-	-	-	-	-	-
2530	EXG77700.1	1408310.JHUW01000008_gene2152	4.36e-302	836.0	COG0659@1|root,COG0659@2|Bacteria,4NF1C@976|Bacteroidetes,2FPEW@200643|Bacteroidia	Sulfate permease	sulP	-	ko:K03321	-	ko00000,ko02000	STAS,Sulfate_transp
2530	EXG77701.1	1235788.C802_00938	2.65e-162	457.0	COG0235@1|root,COG0235@2|Bacteria,4NIQK@976|Bacteroidetes,2FN5U@200643|Bacteroidia,4AN95@815|Bacteroidaceae	COG COG0235 Ribulose-5-phosphate 4-epimerase and related epimerases and aldolases	rhaD	GO:0003674,GO:0003824,GO:0005575,GO:0005622,GO:0005623,GO:0005737,GO:0005829,GO:0005975,GO:0005996,GO:0008150,GO:0008152,GO:0009056,GO:0016052,GO:0016829,GO:0016830,GO:0016832,GO:0019321,GO:0019323,GO:0044238,GO:0044281,GO:0044282,GO:0044424,GO:0044444,GO:0044464,GO:0046365,GO:0071704,GO:1901575	ko:K01629	ko00040,ko00051,ko01120,map00040,map00051,map01120	ko00000,ko00001,ko01000	Aldolase_II
2530	EXG77702.1	1122990.BAJH01000010_gene1461	1.61e-246	684.0	COG5000@1|root,COG5000@2|Bacteria,4NFQN@976|Bacteroidetes,2FQJW@200643|Bacteroidia	ATPase histidine kinase DNA gyrase B HSP90 domain protein	-	-	-	-	-	HATPase_c,PAS,PAS_8
2530	EXG77703.1	1122990.BAJH01000010_gene1462	2.02e-273	754.0	COG2204@1|root,COG2204@2|Bacteria,4NE89@976|Bacteroidetes,2FMPG@200643|Bacteroidia	acetoacetate metabolism regulatory protein AtoC K07714	-	-	ko:K02481	-	ko00000,ko02022	HTH_8,Response_reg,Sigma54_activat
2530	EXG77704.1	1122990.BAJH01000010_gene1464	2.37e-294	810.0	COG1538@1|root,COG1538@2|Bacteria,4NGXM@976|Bacteroidetes,2FMD9@200643|Bacteroidia	Psort location OuterMembrane, score	-	-	-	-	-	OEP
2530	EXG77705.1	1122990.BAJH01000010_gene1465	4.52e-254	702.0	COG0577@1|root,COG0577@2|Bacteria,4NHA3@976|Bacteroidetes,2FNQW@200643|Bacteroidia	Psort location CytoplasmicMembrane, score	-	-	ko:K02004	-	ko00000,ko00002,ko02000	FtsX,MacB_PCD
2530	EXG77706.1	1122990.BAJH01000010_gene1467	1.82e-176	503.0	COG0577@1|root,COG0577@2|Bacteria,4NI8K@976|Bacteroidetes,2FN4D@200643|Bacteroidia	Psort location CytoplasmicMembrane, score 10.00	-	-	ko:K02004	-	ko00000,ko00002,ko02000	FtsX,MacB_PCD
2530	EXG77707.1	1122990.BAJH01000010_gene1468	7.32e-273	750.0	COG0577@1|root,COG0577@2|Bacteria,4NHA3@976|Bacteroidetes,2FQV1@200643|Bacteroidia	FtsX-like permease family	-	-	ko:K02004	-	ko00000,ko00002,ko02000	FtsX,MacB_PCD
2530	EXG77708.1	1122990.BAJH01000010_gene1469	4.45e-275	755.0	COG0577@1|root,COG0577@2|Bacteria,4P10F@976|Bacteroidetes,2FQFR@200643|Bacteroidia	MacB-like periplasmic core domain	-	-	-	-	-	FtsX,MacB_PCD
2530	EXG77709.1	1122990.BAJH01000010_gene1470	2.59e-152	428.0	COG1136@1|root,COG1136@2|Bacteria,4NFDW@976|Bacteroidetes,2FPST@200643|Bacteroidia	ABC transporter, ATP-binding protein	ytrE_3	-	ko:K02003	-	ko00000,ko00002,ko02000	ABC_tran
2530	EXG77710.1	1122990.BAJH01000010_gene1473	1.42e-272	749.0	COG0845@1|root,COG0845@2|Bacteria,4NIJI@976|Bacteroidetes,2FNGW@200643|Bacteroidia	Efflux transporter, RND family, MFP subunit	-	-	ko:K02005	-	ko00000	Biotin_lipoyl_2,HlyD_3,OEP
2530	EXG77712.1	1203611.KB894543_gene1865	6.76e-188	528.0	COG0697@1|root,2Z7ID@2|Bacteria,4NEHB@976|Bacteroidetes,2FN7F@200643|Bacteroidia	L-rhamnose-proton symport protein (RhaT)	rhaT	-	ko:K02856	-	ko00000,ko02000	RhaT
2530	EXG77713.1	484018.BACPLE_00613	1.08e-247	686.0	COG4806@1|root,COG4806@2|Bacteria,4NHKW@976|Bacteroidetes,2FNVS@200643|Bacteroidia,4AN6H@815|Bacteroidaceae	Psort location Cytoplasmic, score 8.96	rhaA	GO:0003674,GO:0003824,GO:0005975,GO:0005996,GO:0008150,GO:0008152,GO:0008740,GO:0009056,GO:0016052,GO:0016853,GO:0016860,GO:0016861,GO:0019299,GO:0019301,GO:0019318,GO:0019320,GO:0019321,GO:0019324,GO:0044238,GO:0044281,GO:0044282,GO:0046365,GO:0071704,GO:1901575	ko:K01813	ko00051,ko01120,map00051,map01120	ko00000,ko00001,ko01000	RhaA
2530	EXG77714.1	537011.PREVCOP_05605	3.19e-260	724.0	COG1070@1|root,COG1070@2|Bacteria,4NIJC@976|Bacteroidetes,2FP4C@200643|Bacteroidia	Carbohydrate kinase, FGGY family protein	rhaB	GO:0005975,GO:0005996,GO:0008150,GO:0008152,GO:0009056,GO:0016052,GO:0019299,GO:0019301,GO:0019318,GO:0019320,GO:0044238,GO:0044281,GO:0044282,GO:0046365,GO:0071704,GO:1901575	ko:K00848,ko:K00879	ko00040,ko00051,ko01120,map00040,map00051,map01120	ko00000,ko00001,ko01000	FGGY_C,FGGY_N
2530	EXG77715.1	873513.HMPREF6485_1233	1.61e-148	424.0	COG4977@1|root,COG4977@2|Bacteria,4P1XK@976|Bacteroidetes,2FMGD@200643|Bacteroidia	transcriptional regulator (AraC family)	-	-	-	-	-	AraC_binding,HTH_18
2530	EXG77716.1	1408310.JHUW01000007_gene322	2.31e-157	492.0	COG0642@1|root,COG0834@1|root,COG0834@2|Bacteria,COG2205@2|Bacteria,4NDXU@976|Bacteroidetes,2FNIT@200643|Bacteroidia	PAS domain S-box protein	-	-	-	-	-	GAF,HATPase_c,HisKA,PAS_4,PAS_9,SBP_bac_3
2530	EXG77717.1	1410613.JNKF01000016_gene2250	5.39e-133	429.0	COG0642@1|root,COG0834@1|root,COG3829@1|root,COG0834@2|Bacteria,COG2205@2|Bacteria,COG3829@2|Bacteria	transcription factor binding	-	-	ko:K02030,ko:K10439,ko:K21084	ko02010,ko02026,ko02030,map02010,map02026,map02030	ko00000,ko00001,ko00002,ko01000,ko02000	HATPase_c,HisKA,HisKA_2,PAS,PAS_3,PAS_4,PAS_9,Peripla_BP_4,SBP_bac_3
2530	EXG77718.1	1122990.BAJH01000011_gene1572	6.51e-79	240.0	COG0454@1|root,COG0456@2|Bacteria,4NPAS@976|Bacteroidetes	Acetyltransferase (GNAT) family	-	-	-	-	-	Acetyltransf_1,Acetyltransf_10,Acetyltransf_7
2530	EXG77719.1	679190.HMPREF0650_1829	2.08e-208	591.0	COG5002@1|root,COG5002@2|Bacteria,4NETP@976|Bacteroidetes,2FKYG@200643|Bacteroidia	ATPase histidine kinase DNA gyrase B HSP90 domain protein	-	-	ko:K02484,ko:K07636	ko02020,map02020	ko00000,ko00001,ko00002,ko01000,ko01001,ko02022	HATPase_c,HisKA
2530	EXG77720.1	679189.HMPREF9019_1735	4.77e-123	355.0	COG0745@1|root,COG0745@2|Bacteria,4NG7D@976|Bacteroidetes,2FMJH@200643|Bacteroidia	COG0745 Response regulators consisting of a CheY-like receiver domain and a winged-helix DNA-binding domain	srrA	-	ko:K07657,ko:K07658	ko02020,map02020	ko00000,ko00001,ko00002,ko02022	Response_reg,Trans_reg_C
2530	EXG77721.1	1235803.C825_03795	1.52e-91	276.0	28P39@1|root,2ZACW@2|Bacteria,4NKCN@976|Bacteroidetes,2G2KY@200643|Bacteroidia,22XTI@171551|Porphyromonadaceae	Domain of unknown function (DUF5020)	-	-	-	-	-	DUF5020
2530	EXG77722.1	264731.PRU_2792	2.36e-188	527.0	COG0031@1|root,COG0031@2|Bacteria,4NDZ9@976|Bacteroidetes,2FME4@200643|Bacteroidia	Belongs to the cysteine synthase cystathionine beta- synthase family	cysK	-	ko:K01738,ko:K12339	ko00270,ko00920,ko01100,ko01110,ko01120,ko01130,ko01200,ko01230,map00270,map00920,map01100,map01110,map01120,map01130,map01200,map01230	ko00000,ko00001,ko00002,ko01000	PALP
2530	EXG77723.1	1122990.BAJH01000010_gene1513	1.03e-270	745.0	COG2873@1|root,COG2873@2|Bacteria,4NE27@976|Bacteroidetes,2FMQX@200643|Bacteroidia	O-acetylhomoserine aminocarboxypropyltransferase cysteine synthase	metY	-	ko:K01740	ko00270,ko01100,map00270,map01100	ko00000,ko00001,ko01000	Cys_Met_Meta_PP
2530	EXG77724.1	264731.PRU_2879	3.96e-159	455.0	COG1123@1|root,COG1123@2|Bacteria,4NIVI@976|Bacteroidetes,2FNMN@200643|Bacteroidia	Psort location Cytoplasmic, score 8.96	-	-	-	-	-	DUF4435
2530	EXG77725.1	908937.Prede_0980	2.62e-143	410.0	COG1123@1|root,COG1123@2|Bacteria,4NFGK@976|Bacteroidetes,2FNW4@200643|Bacteroidia	ATP-binding protein	-	-	-	-	-	AAA_15,AAA_21
2530	EXG77726.1	1287488.HMPREF0671_05235	1.27e-143	413.0	COG0697@1|root,COG0697@2|Bacteria,4NGZ3@976|Bacteroidetes,2FP7S@200643|Bacteroidia	Psort location CytoplasmicMembrane, score 10.00	-	-	-	-	-	EamA
2530	EXG77727.1	1235815.BAIX01000052_gene2314	0.0	1473.0	COG0013@1|root,COG0013@2|Bacteria,4NFHW@976|Bacteroidetes,2FN1R@200643|Bacteroidia	Catalyzes the attachment of alanine to tRNA(Ala) in a two-step reaction alanine is first activated by ATP to form Ala- AMP and then transferred to the acceptor end of tRNA(Ala). Also edits incorrectly charged Ser-tRNA(Ala) and Gly-tRNA(Ala) via its editing domain	alaS	GO:0003674,GO:0003824,GO:0004812,GO:0004813,GO:0005488,GO:0005575,GO:0005622,GO:0005623,GO:0005737,GO:0005829,GO:0006082,GO:0006139,GO:0006396,GO:0006399,GO:0006400,GO:0006412,GO:0006418,GO:0006419,GO:0006518,GO:0006520,GO:0006725,GO:0006807,GO:0008033,GO:0008150,GO:0008152,GO:0009058,GO:0009059,GO:0009451,GO:0009987,GO:0010467,GO:0016070,GO:0016597,GO:0016874,GO:0016875,GO:0019538,GO:0019752,GO:0031406,GO:0034470,GO:0034641,GO:0034645,GO:0034660,GO:0036094,GO:0043038,GO:0043039,GO:0043043,GO:0043167,GO:0043168,GO:0043170,GO:0043177,GO:0043412,GO:0043436,GO:0043603,GO:0043604,GO:0044237,GO:0044238,GO:0044249,GO:0044260,GO:0044267,GO:0044271,GO:0044281,GO:0044424,GO:0044444,GO:0044464,GO:0046483,GO:0071704,GO:0090304,GO:0140098,GO:0140101,GO:1901360,GO:1901564,GO:1901566,GO:1901576	ko:K01872	ko00970,map00970	ko00000,ko00001,ko00002,ko01000,ko01007,ko03016	DHHA1,tRNA-synt_2c,tRNA_SAD
2530	EXG77728.1	888832.HMPREF9420_2459	4.07e-41	139.0	COG0789@1|root,COG0789@2|Bacteria,4NSBD@976|Bacteroidetes,2FTI6@200643|Bacteroidia	transcriptional regulator, MerR family	ycgE	-	-	-	-	MerR_1
2530	EXG77729.1	470145.BACCOP_03763	5.25e-294	827.0	2DBE2@1|root,2Z8QB@2|Bacteria,4NK8H@976|Bacteroidetes,2FMIR@200643|Bacteroidia,4AP06@815|Bacteroidaceae	SusD family	-	-	ko:K21572	-	ko00000,ko02000	SusD-like_3,SusD_RagB
2530	EXG77730.1	470145.BACCOP_03764	0.0	1273.0	COG4206@1|root,COG4206@2|Bacteria,4P258@976|Bacteroidetes,2FW53@200643|Bacteroidia,4AWE5@815|Bacteroidaceae	TonB-linked outer membrane protein, SusC RagA family	-	-	-	-	-	CarbopepD_reg_2,Plug,TonB_dep_Rec
2530	EXG77731.1	585502.HMPREF0645_1569	3.83e-186	523.0	COG4677@1|root,COG4677@2|Bacteria,4NEEI@976|Bacteroidetes,2FMFM@200643|Bacteroidia	Pectinesterase	-	-	ko:K01051	ko00040,ko01100,map00040,map01100	ko00000,ko00001,ko00002,ko01000	Abhydrolase_3,Pectinesterase
2530	EXG77732.1	1203550.HMPREF1475_01843	0.0	1207.0	COG0317@1|root,COG0317@2|Bacteria,4NESY@976|Bacteroidetes,2FMEE@200643|Bacteroidia	In eubacteria ppGpp (guanosine 3'-diphosphate 5-' diphosphate) is a mediator of the stringent response that coordinates a variety of cellular activities in response to changes in nutritional abundance	relA	-	ko:K00951	ko00230,map00230	ko00000,ko00001,ko01000	ACT_4,HD_4,RelA_SpoT,TGS
2530	EXG77733.1	873513.HMPREF6485_1444	4.95e-213	601.0	COG0741@1|root,COG1388@1|root,COG0741@2|Bacteria,COG1388@2|Bacteria,4NEKW@976|Bacteroidetes,2FM5V@200643|Bacteroidia	Transglycosylase SLT domain	mltD	-	ko:K08307	-	ko00000,ko01000,ko01011	LysM,SLT
2530	EXG77734.1	1122990.BAJH01000018_gene2104	1.2e-96	288.0	28PR3@1|root,2ZCD0@2|Bacteria,4NMAF@976|Bacteroidetes,2FTY0@200643|Bacteroidia	-	-	-	-	-	-	-
2530	EXG77735.1	1122989.KB898578_gene1165	9.38e-161	456.0	COG1475@1|root,COG1475@2|Bacteria,4NFZ9@976|Bacteroidetes,2FP81@200643|Bacteroidia	Belongs to the ParB family	parB	-	ko:K03497	-	ko00000,ko03000,ko03036,ko04812	ParBc
2530	EXG77736.1	1287488.HMPREF0671_07710	1.12e-167	470.0	COG1192@1|root,COG1192@2|Bacteria,4NFEX@976|Bacteroidetes,2FMX2@200643|Bacteroidia	CobQ CobB MinD ParA nucleotide binding domain	soj	-	ko:K03496	-	ko00000,ko03036,ko04812	AAA_31
2530	EXG77737.1	1410666.JHXG01000007_gene2259	1.26e-130	376.0	COG0496@1|root,COG0496@2|Bacteria,4NEJ5@976|Bacteroidetes,2FMRR@200643|Bacteroidia	Nucleotidase that shows phosphatase activity on nucleoside 5'-monophosphates	surE	-	ko:K03787	ko00230,ko00240,ko00760,ko01100,ko01110,map00230,map00240,map00760,map01100,map01110	ko00000,ko00001,ko01000	SurE
2530	EXG77738.1	1236517.BAKO01000007_gene1310	5.08e-182	517.0	COG0763@1|root,COG0763@2|Bacteria,4NDW3@976|Bacteroidetes,2FPE5@200643|Bacteroidia	Condensation of UDP-2,3-diacylglucosamine and 2,3- diacylglucosamine-1-phosphate to form lipid A disaccharide, a precursor of lipid A, a phosphorylated glycolipid that anchors the lipopolysaccharide to the outer membrane of the cell	lpxB	-	ko:K00748	ko00540,ko01100,map00540,map01100	ko00000,ko00001,ko00002,ko01000,ko01003,ko01005	LpxB
2530	EXG77739.1	1002367.HMPREF0673_00656	8.02e-149	425.0	COG4589@1|root,COG4589@2|Bacteria,4NIPM@976|Bacteroidetes,2FMKC@200643|Bacteroidia	Belongs to the CDS family	cdsA	-	ko:K00981	ko00564,ko01100,ko01110,ko04070,map00564,map01100,map01110,map04070	ko00000,ko00001,ko00002,ko01000	CTP_transf_1
2530	EXG77740.1	1235815.BAIX01000029_gene1875	0.0	998.0	COG0465@1|root,COG0465@2|Bacteria,4NF0E@976|Bacteroidetes,2FNEA@200643|Bacteroidia	Acts as a processive, ATP-dependent zinc metallopeptidase for both cytoplasmic and membrane proteins. Plays a role in the quality control of integral membrane proteins	ftsH	-	ko:K03798	-	ko00000,ko00002,ko01000,ko01002,ko03110	AAA,FtsH_ext,Peptidase_M41
2530	EXG77741.1	1236494.BAJN01000006_gene1090	7.89e-59	184.0	COG0799@1|root,COG0799@2|Bacteria,4NSKK@976|Bacteroidetes,2FSG4@200643|Bacteroidia	Functions as a ribosomal silencing factor. Interacts with ribosomal protein L14 (rplN), blocking formation of intersubunit bridge B8. Prevents association of the 30S and 50S ribosomal subunits and the formation of functional ribosomes, thus repressing translation	rsfS	-	ko:K09710	-	ko00000,ko03009	RsfS
2530	EXG77746.1	1202532.FF52_09813	7.36e-09	59.7	COG0526@1|root,COG0526@2|Bacteria,4NV2M@976|Bacteroidetes,1I5RM@117743|Flavobacteriia	AhpC/TSA family	-	-	-	-	-	AhpC-TSA,Thioredoxin_2
2530	EXG77747.1	742727.HMPREF9447_00777	1.54e-162	493.0	COG2274@1|root,COG2274@2|Bacteria,4NE19@976|Bacteroidetes,2FNRE@200643|Bacteroidia	ABC transporter, ATP-binding protein	-	-	ko:K20344	ko02010,ko02024,map02010,map02024	ko00000,ko00001,ko02000	ABC_membrane,ABC_tran,Peptidase_C39
2530	EXG77748.1	742727.HMPREF9447_00701	2.96e-47	158.0	COG1595@1|root,COG1595@2|Bacteria,4NP39@976|Bacteroidetes,2FP42@200643|Bacteroidia,4ANS5@815|Bacteroidaceae	RNA polymerase sigma-70 factor, ECF subfamily K00960	-	-	ko:K03088	-	ko00000,ko03021	Sigma70_r2,Sigma70_r4_2
2530	EXG77749.1	742727.HMPREF9447_00700	1.26e-59	197.0	COG3712@1|root,COG3712@2|Bacteria,4NSK2@976|Bacteroidetes,2FSKZ@200643|Bacteroidia,4AQF6@815|Bacteroidaceae	COG COG3712 Fe2 -dicitrate sensor, membrane component	-	-	ko:K07165	-	ko00000	DUF4974,FecR
2530	EXG77750.1	1203550.HMPREF1475_01113	0.0	907.0	COG1629@1|root,COG4771@2|Bacteria,4NF4B@976|Bacteroidetes,2FM7I@200643|Bacteroidia	TonB-dependent receptor	-	-	-	-	-	CarbopepD_reg_2,Plug,TonB_dep_Rec
2530	EXG77751.1	1347393.HG726024_gene2995	1.96e-40	150.0	2EG5K@1|root,339XG@2|Bacteria,4NVFE@976|Bacteroidetes,2FPJS@200643|Bacteroidia,4AP2R@815|Bacteroidaceae	Domain of unknown function (DUF4249)	-	-	-	-	-	DUF4249
2530	EXG77752.1	679937.Bcop_1358	1.84e-05	52.4	COG3637@1|root,COG3637@2|Bacteria	Has lipid A 3-O-deacylase activity. Hydrolyzes the ester bond at the 3 position of lipid A, a bioactive component of lipopolysaccharide (LPS), thereby releasing the primary fatty acyl moiety	-	-	-	-	-	OMP_b-brl,OMP_b-brl_2
2530	EXG77753.1	547042.BACCOPRO_03903	0.000558	45.1	2DT3T@1|root,33IJ5@2|Bacteria,4PJ71@976|Bacteroidetes,2FVQJ@200643|Bacteroidia	-	-	-	-	-	-	-
2530	EXG77754.1	411477.PARMER_02944	5.04e-81	254.0	COG2801@1|root,COG2801@2|Bacteria,4NKGS@976|Bacteroidetes,2FRAQ@200643|Bacteroidia,22YVN@171551|Porphyromonadaceae	PFAM Integrase core domain	-	-	-	-	-	rve,rve_3
2530	EXG77755.1	873513.HMPREF6485_1488	4.57e-307	854.0	COG5107@1|root,COG5107@2|Bacteria,4NEPG@976|Bacteroidetes,2FNHC@200643|Bacteroidia	Psort location Cytoplasmic, score 8.96	-	-	-	-	-	DUF349
2530	EXG77756.1	1203550.HMPREF1475_00820	1.8e-184	517.0	COG0598@1|root,COG0598@2|Bacteria,4NGM7@976|Bacteroidetes,2FNKU@200643|Bacteroidia	CorA-like protein	corA	-	ko:K03284	-	ko00000,ko02000	CorA
2530	EXG77757.1	1203550.HMPREF1475_00816	2.1e-263	731.0	COG2195@1|root,COG2195@2|Bacteria,4NG8I@976|Bacteroidetes,2FM0V@200643|Bacteroidia	Xaa-His dipeptidase	pepD_2	-	ko:K01270	ko00480,ko01100,map00480,map01100	ko00000,ko00001,ko01000,ko01002	M20_dimer,Peptidase_M20
2530	EXG77758.1	862515.HMPREF0658_0879	3.06e-172	488.0	COG0392@1|root,COG0392@2|Bacteria,4NGPD@976|Bacteroidetes,2FP5P@200643|Bacteroidia	Psort location CytoplasmicMembrane, score 10.00	-	-	ko:K07027	-	ko00000,ko02000	LPG_synthase_TM
2530	EXG77759.1	1122978.AUFP01000002_gene2059	3.71e-132	376.0	COG0572@1|root,COG0572@2|Bacteria,4NEEC@976|Bacteroidetes,2FNW6@200643|Bacteroidia	Cytidine monophosphokinase	udk	-	ko:K00876	ko00240,ko00983,ko01100,map00240,map00983,map01100	ko00000,ko00001,ko01000	PRK
2530	EXG77760.1	537011.PREVCOP_04443	2.32e-158	447.0	COG0030@1|root,COG0030@2|Bacteria,4NERB@976|Bacteroidetes,2FMH1@200643|Bacteroidia	Specifically dimethylates two adjacent adenosines (A1518 and A1519) in the loop of a conserved hairpin near the 3'-end of 16S rRNA in the 30S particle. May play a critical role in biogenesis of 30S subunits	ksgA	GO:0000154,GO:0000179,GO:0001510,GO:0003674,GO:0003824,GO:0005575,GO:0005622,GO:0005623,GO:0005737,GO:0006139,GO:0006364,GO:0006396,GO:0006725,GO:0006807,GO:0008150,GO:0008152,GO:0008168,GO:0008170,GO:0008173,GO:0008649,GO:0008757,GO:0009451,GO:0009987,GO:0010467,GO:0016070,GO:0016072,GO:0016433,GO:0016740,GO:0016741,GO:0022613,GO:0031167,GO:0032259,GO:0034470,GO:0034641,GO:0034660,GO:0042254,GO:0043170,GO:0043412,GO:0043414,GO:0044085,GO:0044237,GO:0044238,GO:0044260,GO:0044424,GO:0044464,GO:0046483,GO:0071704,GO:0071840,GO:0090304,GO:0140098,GO:0140102,GO:1901360	ko:K02528	-	ko00000,ko01000,ko03009	RrnaAD
2530	EXG77761.1	880074.BARVI_01705	7.11e-10	61.6	2EU1G@1|root,33MIH@2|Bacteria,4NZ7F@976|Bacteroidetes,2FVF3@200643|Bacteroidia,231EQ@171551|Porphyromonadaceae	Domain of unknown function (DUF4252)	-	-	-	-	-	DUF4252
2530	EXG77762.1	1235811.HMPREF0653_01651	8.89e-46	154.0	COG1595@1|root,COG1595@2|Bacteria,4NREV@976|Bacteroidetes,2FNCE@200643|Bacteroidia	Belongs to the sigma-70 factor family. ECF subfamily	-	-	ko:K03088	-	ko00000,ko03021	Sigma70_r2,Sigma70_r4_2
2530	EXG77763.1	1236518.BAKP01000028_gene1743	7.04e-39	136.0	COG1413@1|root,COG1413@2|Bacteria,4NXQU@976|Bacteroidetes,2G12U@200643|Bacteroidia	lyase activity	-	-	-	-	-	-
2530	EXG77764.1	1122981.AUME01000002_gene2253	1.09e-55	178.0	2E9E6@1|root,333MR@2|Bacteria,4NVIJ@976|Bacteroidetes,2FQN2@200643|Bacteroidia	Domain of unknown function (DUF4252)	-	-	-	-	-	DUF4252
2530	EXG77766.1	484018.BACPLE_02809	5.22e-167	494.0	COG3507@1|root,COG3507@2|Bacteria,4NK5P@976|Bacteroidetes,2G2PV@200643|Bacteroidia,4ANX5@815|Bacteroidaceae	Belongs to the glycosyl hydrolase 43 family	-	-	-	-	-	Glyco_hydro_43
2530	EXG77767.1	484018.BACPLE_01971	1.01e-259	726.0	COG3507@1|root,COG3507@2|Bacteria,4NEVJ@976|Bacteroidetes,2G2PB@200643|Bacteroidia,4AMA3@815|Bacteroidaceae	candidate polyfunctional acetylxylan esterase b-xylosidase A-L-arabinofuranosidase, CBM9 module, glycoside hydrolase family 43 protein and carbohydrate esterase family 6 protein	-	-	-	-	-	Glyco_hydro_43
2530	EXG77768.1	873513.HMPREF6485_0615	0.0	1035.0	COG0745@1|root,COG3292@1|root,COG5002@1|root,COG0745@2|Bacteria,COG3292@2|Bacteria,COG5002@2|Bacteria,4P0IA@976|Bacteroidetes,2FWSR@200643|Bacteroidia	ATPase histidine kinase DNA gyrase B HSP90 domain protein	-	-	-	-	-	HATPase_c,HTH_18,HisKA,Reg_prop,Response_reg,Y_Y_Y
2530	EXG77769.1	471870.BACINT_01042	0.0	1136.0	COG1472@1|root,COG1472@2|Bacteria,4NE90@976|Bacteroidetes,2FMV4@200643|Bacteroidia,4AQCY@815|Bacteroidaceae	Glycosyl hydrolase family 3 C-terminal domain	-	-	ko:K05349	ko00460,ko00500,ko00940,ko01100,ko01110,map00460,map00500,map00940,map01100,map01110	ko00000,ko00001,ko01000	Fn3-like,Glyco_hydro_3,Glyco_hydro_3_C,PA14
2530	EXG77770.1	1122978.AUFP01000023_gene871	2e-270	763.0	COG3534@1|root,COG3534@2|Bacteria,4NH8M@976|Bacteroidetes	alpha-L-arabinofuranosidase	-	-	-	-	-	Alpha-L-AF_C
2530	EXG77771.1	483216.BACEGG_01293	0.0	1454.0	COG1629@1|root,COG1629@2|Bacteria,4NDXS@976|Bacteroidetes,2FPVT@200643|Bacteroidia,4AMVQ@815|Bacteroidaceae	Psort location OuterMembrane, score	-	-	-	-	-	CarbopepD_reg_2,Plug,TonB_dep_Rec
2530	EXG77772.1	385682.AFSL01000086_gene694	0.0	936.0	COG0614@1|root,COG0614@2|Bacteria,4NGP1@976|Bacteroidetes,2FNKG@200643|Bacteroidia,3XIZH@558415|Marinilabiliaceae	SusD family	-	-	ko:K21572	-	ko00000,ko02000	SusD-like_3,SusD_RagB
2530	EXG77773.1	742767.HMPREF9456_02257	0.0	1142.0	COG1629@1|root,COG1629@2|Bacteria,4NHVW@976|Bacteroidetes,2FP2D@200643|Bacteroidia,22XGB@171551|Porphyromonadaceae	TonB-dependent Receptor Plug Domain	-	-	-	-	-	Plug,TonB_dep_Rec
2530	EXG77774.1	385682.AFSL01000086_gene692	2.74e-277	776.0	COG1435@1|root,COG1435@2|Bacteria,4NE95@976|Bacteroidetes,2FM1H@200643|Bacteroidia,3XJKA@558415|Marinilabiliaceae	SusD family	-	-	ko:K21572	-	ko00000,ko02000	SusD-like_3,SusD_RagB
2530	EXG77775.1	742767.HMPREF9456_02255	3.34e-124	367.0	2BXWD@1|root,2Z7NF@2|Bacteria,4NJ6E@976|Bacteroidetes,2FM1X@200643|Bacteroidia,22Y0U@171551|Porphyromonadaceae	Domain of unknown function (DUF1735)	-	-	-	-	-	DUF1735
2530	EXG77776.1	742767.HMPREF9456_02254	2.16e-182	539.0	COG3693@1|root,COG3693@2|Bacteria,4NE1E@976|Bacteroidetes,2FNP0@200643|Bacteroidia,22ZNU@171551|Porphyromonadaceae	Glycosyl hydrolase family 10	-	-	-	-	-	CBM_4_9,Glyco_hydro_10
2530	EXG77777.1	1268240.ATFI01000001_gene3256	0.0	1361.0	COG2730@1|root,COG3507@1|root,COG2730@2|Bacteria,COG3507@2|Bacteria,4NHXD@976|Bacteroidetes,2G2PE@200643|Bacteroidia,4AW3B@815|Bacteroidaceae	Cellulase (glycosyl hydrolase family 5)	-	-	ko:K01179	ko00500,ko01100,map00500,map01100	ko00000,ko00001,ko01000	Cellulase,Glyco_hydro_43,RicinB_lectin_2
2530	EXG77778.1	470145.BACCOP_03268	0.0	1013.0	COG1554@1|root,COG1554@2|Bacteria,4NEWW@976|Bacteroidetes,2FMF9@200643|Bacteroidia,4AMRU@815|Bacteroidaceae	COG NOG04001 non supervised orthologous group	-	-	ko:K15923	ko00511,map00511	ko00000,ko00001,ko01000	Glyco_hyd_65N_2,SASA
2530	EXG77779.1	537011.PREVCOP_06465	0.0	1035.0	COG3507@1|root,COG3507@2|Bacteria,4NFXE@976|Bacteroidetes,2FQW9@200643|Bacteroidia	candidate polyfunctional acetylxylan esterase b-xylosidase A-L-arabinofuranosidase, CBM9 module, glycoside hydrolase family 43 protein and carbohydrate esterase family 6 protein K01238	-	-	-	-	-	Glyco_hydro_43
2530	EXG77780.1	762968.HMPREF9441_02133	6.78e-297	846.0	COG3250@1|root,COG3250@2|Bacteria,4NESZ@976|Bacteroidetes,2G2RN@200643|Bacteroidia	Glycosyl hydrolase family 2, sugar binding domain protein	-	-	ko:K01195	ko00040,ko00531,ko00860,ko00944,ko00983,ko01100,ko01110,ko04142,map00040,map00531,map00860,map00944,map00983,map01100,map01110,map04142	ko00000,ko00001,ko00002,ko01000	F5_F8_type_C,Glyco_hydro_2,Glyco_hydro_2_C,Glyco_hydro_2_N,fn3
2530	EXG77781.1	1122990.BAJH01000017_gene2025	9.41e-160	447.0	29FF6@1|root,302CV@2|Bacteria,4PJE1@976|Bacteroidetes,2FRHN@200643|Bacteroidia	-	-	-	-	-	-	-
2530	EXG77782.1	1122990.BAJH01000017_gene2024	1.23e-237	655.0	COG1194@1|root,COG1194@2|Bacteria,4NDZY@976|Bacteroidetes,2FNMQ@200643|Bacteroidia	A G-specific adenine glycosylase	mutY	-	ko:K03575	ko03410,map03410	ko00000,ko00001,ko01000,ko03400	EndIII_4Fe-2S,HhH-GPD,NUDIX_4
2530	EXG77783.1	1122990.BAJH01000017_gene2023	8.98e-305	833.0	COG3507@1|root,COG3507@2|Bacteria,4PKXQ@976|Bacteroidetes,2FM4J@200643|Bacteroidia	Belongs to the glycosyl hydrolase 43 family	-	-	-	-	-	CBM_6,Glyco_hydro_43
2530	EXG77784.1	1122990.BAJH01000017_gene2022	1.23e-254	705.0	COG3507@1|root,COG3507@2|Bacteria,4PKXQ@976|Bacteroidetes,2FNWV@200643|Bacteroidia	Belongs to the glycosyl hydrolase 43 family	xynD_2	-	-	-	-	CBM_6,Glyco_hydro_43
2530	EXG77785.1	1122990.BAJH01000017_gene2021	0.0	1102.0	COG1501@1|root,COG1501@2|Bacteria,4NE1H@976|Bacteroidetes,2FM4Z@200643|Bacteroidia	Belongs to the glycosyl hydrolase 31 family	-	-	ko:K01811	-	ko00000,ko01000	DUF4968,DUF5110,Glyco_hydro_31
2530	EXG77786.1	1122990.BAJH01000017_gene2020	0.0	1096.0	COG3589@1|root,COG3589@2|Bacteria,4NE7B@976|Bacteroidetes,2FM4U@200643|Bacteroidia	COG NOG26813 non supervised orthologous group	-	-	-	-	-	GH97_C,GH97_N,Glyco_hydro_97
2530	EXG77787.1	1122990.BAJH01000016_gene2003	1.01e-143	410.0	COG0627@1|root,COG0627@2|Bacteria,4NGI8@976|Bacteroidetes,2FQ6R@200643|Bacteroidia	esterase	xynZ	-	-	-	-	Esterase
2530	EXG77788.1	1122990.BAJH01000016_gene2004	6.62e-222	616.0	COG2382@1|root,COG2382@2|Bacteria,4NF50@976|Bacteroidetes,2FMIP@200643|Bacteroidia	COG2382 Enterochelin esterase	-	-	ko:K07214	-	ko00000	Esterase,SASA
2530	EXG77789.1	742766.HMPREF9455_01104	5.77e-80	277.0	COG0526@1|root,COG0526@2|Bacteria,4NK4H@976|Bacteroidetes,2FNIK@200643|Bacteroidia,22WX2@171551|Porphyromonadaceae	Thioredoxin-like	-	-	-	-	-	Redoxin,Thioredoxin,Thioredoxin_8
2530	EXG77790.1	1122978.AUFP01000007_gene1506	5.24e-199	560.0	COG2382@1|root,COG2382@2|Bacteria,4NF50@976|Bacteroidetes,2G09S@200643|Bacteroidia	esterase	-	-	ko:K07214	-	ko00000	CBM_6,Esterase,Glyco_hydro_43,SASA
2530	EXG77791.1	999419.HMPREF1077_00948	6.69e-197	563.0	COG0823@1|root,COG0823@2|Bacteria,4NGH4@976|Bacteroidetes,2FN8G@200643|Bacteroidia	WD40-like Beta Propeller Repeat	-	-	-	-	-	PD40
2530	EXG77792.1	1122978.AUFP01000017_gene1199	0.0	1217.0	COG1629@1|root,COG1629@2|Bacteria,4NDXS@976|Bacteroidetes,2FKYX@200643|Bacteroidia	TonB-linked outer membrane protein, SusC RagA family	-	-	-	-	-	CarbopepD_reg_2,Plug,TonB_dep_Rec
2530	EXG77793.1	1122978.AUFP01000017_gene1198	1.2e-247	705.0	COG0614@1|root,COG0614@2|Bacteria,4PNJA@976|Bacteroidetes,2G0US@200643|Bacteroidia	SusD family	-	-	-	-	-	SusD-like_3,SusD_RagB
2530	EXG77794.1	999419.HMPREF1077_00947	6.3e-94	305.0	28KYZ@1|root,2ZAEB@2|Bacteria,4NHBZ@976|Bacteroidetes,2FP4X@200643|Bacteroidia	Psort location CytoplasmicMembrane, score 10.00	-	-	-	-	-	-
2530	EXG77795.1	1410613.JNKF01000015_gene169	1.56e-93	274.0	COG2030@1|root,COG2030@2|Bacteria,4NNHH@976|Bacteroidetes,2FP51@200643|Bacteroidia	MaoC-like protein	nodN	-	-	-	-	MaoC_dehydratas
2530	EXG77796.1	873513.HMPREF6485_1501	3.48e-101	296.0	COG0233@1|root,COG0233@2|Bacteria,4NF95@976|Bacteroidetes,2FPZE@200643|Bacteroidia	Responsible for the release of ribosomes from messenger RNA at the termination of protein biosynthesis. May increase the efficiency of translation by recycling ribosomes from one round of translation to another	frr	GO:0002181,GO:0002184,GO:0003674,GO:0005488,GO:0005575,GO:0005622,GO:0005623,GO:0005737,GO:0006412,GO:0006415,GO:0006518,GO:0006807,GO:0008150,GO:0008152,GO:0009058,GO:0009059,GO:0009987,GO:0010467,GO:0016043,GO:0019538,GO:0022411,GO:0032984,GO:0034641,GO:0034645,GO:0043021,GO:0043023,GO:0043043,GO:0043170,GO:0043603,GO:0043604,GO:0043624,GO:0043933,GO:0044237,GO:0044238,GO:0044249,GO:0044260,GO:0044267,GO:0044271,GO:0044424,GO:0044464,GO:0044877,GO:0071704,GO:0071840,GO:1901564,GO:1901566,GO:1901576	ko:K02838	-	ko00000,ko03012	RRF
2530	EXG77797.1	1122990.BAJH01000015_gene1938	5.99e-184	516.0	COG1162@1|root,COG1162@2|Bacteria,4NE5H@976|Bacteroidetes,2FNY9@200643|Bacteroidia	One of several proteins that assist in the late maturation steps of the functional core of the 30S ribosomal subunit. Helps release RbfA from mature subunits. May play a role in the assembly of ribosomal proteins into the subunit. Circularly permuted GTPase that catalyzes slow GTP hydrolysis, GTPase activity is stimulated by the 30S ribosomal subunit	rsgA	-	ko:K06949	ko00730,ko01100,map00730,map01100	ko00000,ko00001,ko01000,ko03009	RsgA_GTPase,RsgA_N
2530	EXG77798.1	1235815.BAIX01000040_gene2126	8.98e-237	654.0	COG0482@1|root,COG0482@2|Bacteria,4NFXZ@976|Bacteroidetes,2FPBU@200643|Bacteroidia	Catalyzes the 2-thiolation of uridine at the wobble position (U34) of tRNA, leading to the formation of s(2)U34	trmU	-	ko:K00566	ko04122,map04122	ko00000,ko00001,ko01000,ko03016	tRNA_Me_trans
2530	EXG77799.1	1203550.HMPREF1475_02274	1.75e-151	434.0	COG1600@1|root,COG1600@2|Bacteria,4NFCJ@976|Bacteroidetes,2FPCB@200643|Bacteroidia	iron-sulfur cluster-binding protein	queG	-	ko:K18979	-	ko00000,ko01000,ko03016	DUF1730,Fer4_16
2530	EXG77800.1	862515.HMPREF0658_2030	6.58e-128	365.0	COG0726@1|root,COG0726@2|Bacteria,4NM7D@976|Bacteroidetes,2FMF7@200643|Bacteroidia	polysaccharide deacetylase	pgdA_1	-	-	-	-	Polysacc_deac_1
2530	EXG77801.1	873513.HMPREF6485_1598	0.0	1765.0	COG0697@1|root,COG0697@2|Bacteria,4PKRH@976|Bacteroidetes,2G090@200643|Bacteroidia	Protein of unknown function (DUF2723)	-	-	-	-	-	DUF2723
2530	EXG77802.1	1408310.JHUW01000008_gene2244	5.32e-65	202.0	COG1238@1|root,COG1238@2|Bacteria,4NSBT@976|Bacteroidetes,2G37W@200643|Bacteroidia	SNARE-like domain protein	-	-	-	-	-	SNARE_assoc
2530	EXG77803.1	575615.HMPREF0670_01057	9.41e-101	305.0	2DQYE@1|root,339DJ@2|Bacteria,4NSHZ@976|Bacteroidetes,2FMS8@200643|Bacteroidia	Psort location CytoplasmicMembrane, score 10.00	-	-	-	-	-	-
2530	EXG77804.1	537011.PREVCOP_05028	3.52e-276	758.0	COG0151@1|root,COG0151@2|Bacteria,4NEUN@976|Bacteroidetes,2FN59@200643|Bacteroidia	Belongs to the GARS family	purD	-	ko:K01945	ko00230,ko01100,ko01110,ko01130,map00230,map01100,map01110,map01130	ko00000,ko00001,ko00002,ko01000	GARS_A,GARS_C,GARS_N
2530	EXG77805.1	575615.HMPREF0670_01055	0.0	1061.0	COG1506@1|root,COG1506@2|Bacteria,4NF7I@976|Bacteroidetes,2FMJD@200643|Bacteroidia	Peptidase, S9A B C family, catalytic domain protein	pepX2	-	ko:K01278	ko04974,map04974	ko00000,ko00001,ko01000,ko01002,ko04090,ko04147	DPPIV_N,Peptidase_S9
2530	EXG77806.1	1122978.AUFP01000014_gene759	5.92e-262	728.0	COG0116@1|root,COG0116@2|Bacteria,4NFJM@976|Bacteroidetes,2FMNN@200643|Bacteroidia	Belongs to the methyltransferase superfamily	rlmL	-	ko:K07444	-	ko00000,ko01000	THUMP,UPF0020
2530	EXG77807.1	1122990.BAJH01000025_gene2401	1.03e-159	454.0	COG1045@1|root,COG1045@2|Bacteria,4NGZ7@976|Bacteroidetes,2FM9U@200643|Bacteroidia	serine O-acetyltransferase	cysE	-	ko:K00640	ko00270,ko00920,ko01100,ko01110,ko01120,ko01200,ko01230,ko05111,map00270,map00920,map01100,map01110,map01120,map01200,map01230,map05111	ko00000,ko00001,ko00002,ko01000	Hexapep,SATase_N
2530	EXG77808.1	1002367.HMPREF0673_01433	0.0	980.0	COG0306@1|root,COG0306@2|Bacteria,4NFCB@976|Bacteroidetes,2FN8Q@200643|Bacteroidia	Psort location CytoplasmicMembrane, score 10.00	-	-	-	-	-	PHO4
2530	EXG77809.1	1236494.BAJN01000014_gene1806	1.08e-63	197.0	COG1993@1|root,COG1993@2|Bacteria,4NVRH@976|Bacteroidetes,2FV2T@200643|Bacteroidia	Uncharacterized ACR, COG1993	-	-	ko:K09137	-	ko00000	DUF190
2530	EXG77810.1	1203550.HMPREF1475_02294	4.85e-96	285.0	COG2197@1|root,COG2197@2|Bacteria,4NN2R@976|Bacteroidetes,2FMC8@200643|Bacteroidia	Response regulator containing a CheY-like receiver domain and an HTH DNA-binding domain	narL	-	-	-	-	GerE,Response_reg
2530	EXG77811.1	873513.HMPREF6485_2208	1.37e-173	492.0	COG1609@1|root,COG1609@2|Bacteria,4NDW6@976|Bacteroidetes,2FM9W@200643|Bacteroidia	Transcriptional regulator, LacI family	-	-	ko:K02529	-	ko00000,ko03000	LacI,Peripla_BP_1,Peripla_BP_3,Peripla_BP_4
2530	EXG77813.1	873513.HMPREF6485_2077	0.0	1537.0	COG1629@1|root,COG4771@2|Bacteria,4P1Z5@976|Bacteroidetes,2FWS8@200643|Bacteroidia	TonB-linked outer membrane protein, SusC RagA family	-	-	-	-	-	CarbopepD_reg_2,Plug,TonB_dep_Rec
2530	EXG77814.1	873513.HMPREF6485_2076	7.69e-280	783.0	COG0561@1|root,COG0561@2|Bacteria,4NFSF@976|Bacteroidetes,2FQNH@200643|Bacteroidia	SusD family	-	GO:0000272,GO:0001871,GO:0003674,GO:0005488,GO:0005975,GO:0005976,GO:0006073,GO:0008150,GO:0008152,GO:0009056,GO:0009057,GO:0009251,GO:0009987,GO:0010383,GO:0010410,GO:0010411,GO:0016052,GO:0030246,GO:0030247,GO:0043170,GO:0044036,GO:0044042,GO:0044237,GO:0044238,GO:0044260,GO:0044262,GO:0044264,GO:0044403,GO:0044419,GO:0051704,GO:0071554,GO:0071704,GO:0085030,GO:1901575,GO:2000895,GO:2000899	ko:K21572	-	ko00000,ko02000	SusD-like_3,SusD_RagB
2530	EXG77815.1	873513.HMPREF6485_2075	6.9e-200	575.0	28K2Q@1|root,2Z8MW@2|Bacteria,4NKYI@976|Bacteroidetes,2FRWI@200643|Bacteroidia	-	-	GO:0000272,GO:0001871,GO:0003674,GO:0005488,GO:0005975,GO:0005976,GO:0006073,GO:0008150,GO:0008152,GO:0009056,GO:0009057,GO:0009251,GO:0009987,GO:0010383,GO:0010410,GO:0010411,GO:0016052,GO:0030246,GO:0030247,GO:0043170,GO:0044036,GO:0044042,GO:0044237,GO:0044238,GO:0044260,GO:0044262,GO:0044264,GO:0044403,GO:0044419,GO:0051704,GO:0071554,GO:0071704,GO:0085030,GO:1901575,GO:2000895,GO:2000899	-	-	-	TIG
2530	EXG77816.1	873513.HMPREF6485_2074	8.36e-163	476.0	COG2730@1|root,COG2730@2|Bacteria,4NK8X@976|Bacteroidetes,2FNAS@200643|Bacteroidia	Belongs to the glycosyl hydrolase 5 (cellulase A) family	-	-	ko:K01179	ko00500,ko01100,map00500,map01100	ko00000,ko00001,ko01000	BACON,Cellulase
2530	EXG77817.1	1122990.BAJH01000003_gene617	0.0	1104.0	COG0745@1|root,COG3292@1|root,COG5002@1|root,COG0745@2|Bacteria,COG3292@2|Bacteria,COG5002@2|Bacteria,4P0IA@976|Bacteroidetes,2FWSR@200643|Bacteroidia	ATPase histidine kinase DNA gyrase B HSP90 domain protein	-	-	-	-	-	HATPase_c,HTH_18,HisKA,Reg_prop,Response_reg,Y_Y_Y
2530	EXG77818.1	1287488.HMPREF0671_11925	0.0	1460.0	COG1501@1|root,COG1501@2|Bacteria,4NE1H@976|Bacteroidetes,2FM4Z@200643|Bacteroidia	Belongs to the glycosyl hydrolase 31 family	-	GO:0000272,GO:0003674,GO:0003824,GO:0004553,GO:0005975,GO:0005976,GO:0006073,GO:0008150,GO:0008152,GO:0009056,GO:0009057,GO:0009251,GO:0009987,GO:0010383,GO:0010410,GO:0010411,GO:0016052,GO:0016787,GO:0016798,GO:0043170,GO:0044036,GO:0044042,GO:0044237,GO:0044238,GO:0044260,GO:0044262,GO:0044264,GO:0044403,GO:0044419,GO:0051704,GO:0071554,GO:0071704,GO:0085030,GO:1901575,GO:2000895,GO:2000899	ko:K01811	-	ko00000,ko01000	DUF4968,DUF5110,Gal_mutarotas_2,Glyco_hydro_31,PA14
2530	EXG77819.1	1122990.BAJH01000003_gene619	0.0	1122.0	COG3250@1|root,COG3250@2|Bacteria,4NEWN@976|Bacteroidetes,2FPM1@200643|Bacteroidia	Belongs to the glycosyl hydrolase 2 family	bga	GO:0000272,GO:0003674,GO:0003824,GO:0004553,GO:0004565,GO:0005975,GO:0005976,GO:0006073,GO:0008150,GO:0008152,GO:0009056,GO:0009057,GO:0009251,GO:0009987,GO:0010383,GO:0010410,GO:0010411,GO:0015925,GO:0016052,GO:0016787,GO:0016798,GO:0043170,GO:0044036,GO:0044042,GO:0044237,GO:0044238,GO:0044260,GO:0044262,GO:0044264,GO:0044403,GO:0044419,GO:0051704,GO:0071554,GO:0071704,GO:0085030,GO:1901575,GO:2000895,GO:2000899	ko:K01190	ko00052,ko00511,ko00600,ko01100,map00052,map00511,map00600,map01100	ko00000,ko00001,ko01000	DUF4982,Glyco_hydro_2,Glyco_hydro_2_C,Glyco_hydro_2_N
2530	EXG77820.1	575615.HMPREF0670_00531	0.0	1088.0	COG1472@1|root,COG1472@2|Bacteria,4NE90@976|Bacteroidetes,2FMCU@200643|Bacteroidia	Glycosyl hydrolase family 3	bglB_3	GO:0000272,GO:0003674,GO:0003824,GO:0004553,GO:0005975,GO:0005976,GO:0006073,GO:0008150,GO:0008152,GO:0008422,GO:0009056,GO:0009057,GO:0009251,GO:0009987,GO:0010383,GO:0010410,GO:0010411,GO:0015926,GO:0016052,GO:0016787,GO:0016798,GO:0043170,GO:0044036,GO:0044042,GO:0044237,GO:0044238,GO:0044260,GO:0044262,GO:0044264,GO:0044403,GO:0044419,GO:0051704,GO:0071554,GO:0071704,GO:0085030,GO:1901575,GO:2000895,GO:2000899	ko:K05349	ko00460,ko00500,ko00940,ko01100,ko01110,map00460,map00500,map00940,map01100,map01110	ko00000,ko00001,ko01000	Fn3-like,Glyco_hydro_3,Glyco_hydro_3_C
2530	EXG77821.1	1408310.JHUW01000009_gene34	0.0	1209.0	COG1501@1|root,COG1501@2|Bacteria,4NE1H@976|Bacteroidetes,2FN74@200643|Bacteroidia	Belongs to the glycosyl hydrolase 31 family	-	-	ko:K01811	-	ko00000,ko01000	DUF4968,Gal_mutarotas_2,Glyco_hydro_31
2530	EXG77822.1	714943.Mucpa_1487	1.22e-142	425.0	COG5434@1|root,COG5434@2|Bacteria,4NKMQ@976|Bacteroidetes,1IUSN@117747|Sphingobacteriia	Pectate lyase	-	-	-	-	-	Glyco_hydro_28
2530	EXG77823.1	1287488.HMPREF0671_02465	1.63e-63	202.0	2CFCI@1|root,32S1P@2|Bacteria,4NYAF@976|Bacteroidetes,2FTZT@200643|Bacteroidia	Protein of unknown function (DUF4230)	-	-	-	-	-	DUF4230
2530	EXG77824.1	1401078.HMPREF2140_01270	2.78e-96	287.0	2BCGJ@1|root,3262B@2|Bacteria,4NRSX@976|Bacteroidetes,2FTQA@200643|Bacteroidia	Protein of unknown function (DUF4230)	-	-	-	-	-	DUF4230
2530	EXG77825.1	1203550.HMPREF1475_02297	1.95e-08	58.5	2EGII@1|root,33AAP@2|Bacteria,4NXMZ@976|Bacteroidetes,2FTW7@200643|Bacteroidia	Domain of unknown function (DUF4890)	-	-	-	-	-	DUF4890
2530	EXG77826.1	1235815.BAIX01000014_gene1286	5.25e-51	169.0	2EXMY@1|root,33QXS@2|Bacteria,4P1WS@976|Bacteroidetes,2FPF6@200643|Bacteroidia	Domain of unknown function (DUF4738)	-	-	-	-	-	DUF4738
2530	EXG77827.1	1122991.BAIZ01000022_gene1704	3.56e-92	278.0	COG0637@1|root,COG0637@2|Bacteria,4NJS1@976|Bacteroidetes,2FN13@200643|Bacteroidia	HAD hydrolase, family IA, variant 3	yfbT	-	-	-	-	HAD_2
2530	EXG77828.1	1347393.HG726019_gene7665	6.41e-78	266.0	COG0642@1|root,COG0745@1|root,COG0745@2|Bacteria,COG2205@2|Bacteria,4NDXU@976|Bacteroidetes,2FNQ8@200643|Bacteroidia,4AMIA@815|Bacteroidaceae	COG0642 Signal transduction histidine kinase	-	-	-	-	-	HATPase_c,HisKA,PAS_3,PAS_4,PAS_9,Response_reg,SBP_bac_3
2530	EXG77829.1	1122990.BAJH01000010_gene1427	5.62e-86	266.0	COG2207@1|root,COG2207@2|Bacteria,4NT24@976|Bacteroidetes,2FN0G@200643|Bacteroidia	transcriptional regulator (AraC family)	-	-	-	-	-	AraC_binding,HTH_18
2530	EXG77830.1	1401078.HMPREF2140_03325	4.13e-138	408.0	COG1538@1|root,COG1538@2|Bacteria,4NFSW@976|Bacteroidetes,2FNYU@200643|Bacteroidia	Outer membrane efflux protein	-	-	-	-	-	OEP
2530	EXG77831.1	679190.HMPREF0650_1357	2.64e-132	384.0	COG0845@1|root,COG0845@2|Bacteria,4NGVX@976|Bacteroidetes,2FMBD@200643|Bacteroidia	cog cog0845	-	-	ko:K01993	-	ko00000	Biotin_lipoyl_2,HlyD_3,HlyD_D23
2530	EXG77832.1	1410608.JNKX01000021_gene115	5.76e-271	751.0	COG1129@1|root,COG1129@2|Bacteria,4PKVD@976|Bacteroidetes,2FM9B@200643|Bacteroidia,4AK7V@815|Bacteroidaceae	ABC transporter, ATP-binding protein	-	-	ko:K01990	-	ko00000,ko00002,ko02000	ABC_tran
2530	EXG77833.1	1122990.BAJH01000010_gene1431	5.9e-156	449.0	COG0842@1|root,COG0842@2|Bacteria,4NDU0@976|Bacteroidetes,2FMJ3@200643|Bacteroidia	Transport permease protein	ybhS	-	ko:K01992	-	ko00000,ko00002,ko02000	ABC2_membrane_3
2530	EXG77834.1	1235815.BAIX01000052_gene2312	5.95e-162	464.0	COG0842@1|root,COG0842@2|Bacteria,4NFM0@976|Bacteroidetes,2FMNV@200643|Bacteroidia	ABC-2 type transporter	-	-	ko:K01992	-	ko00000,ko00002,ko02000	ABC2_membrane_3
2530	EXG77835.1	1122990.BAJH01000010_gene1433	1.64e-300	822.0	COG1252@1|root,COG1252@2|Bacteria,4NE0H@976|Bacteroidetes,2FNZW@200643|Bacteroidia	Pyridine nucleotide-disulfide oxidoreductase	ndh	-	ko:K03885	ko00190,map00190	ko00000,ko00001,ko01000	Pyr_redox_2
2530	EXG77837.1	264731.PRU_2783	4.34e-121	355.0	COG4977@1|root,COG4977@2|Bacteria,4PKX4@976|Bacteroidetes,2FNFD@200643|Bacteroidia	transcriptional regulator (AraC family)	-	-	-	-	-	AraC_binding,HTH_18,HTH_AraC
2530	EXG77838.1	1122990.BAJH01000006_gene974	2.3e-314	869.0	COG3669@1|root,COG3669@2|Bacteria,4NEAP@976|Bacteroidetes,2FM7K@200643|Bacteroidia	Alpha-L-fucosidase	-	-	ko:K01206	ko00511,map00511	ko00000,ko00001,ko01000,ko04147	Alpha_L_fucos,Fucosidase_C
2530	EXG77839.1	679935.Alfi_2059	5.74e-145	415.0	COG0623@1|root,COG0623@2|Bacteria,4NEVE@976|Bacteroidetes,2FM85@200643|Bacteroidia,22U1H@171550|Rikenellaceae	Enoyl-(Acyl carrier protein) reductase	fabI	-	ko:K00208	ko00061,ko00333,ko00780,ko01100,ko01130,ko01212,map00061,map00333,map00780,map01100,map01130,map01212	ko00000,ko00001,ko00002,ko01000,ko01004	adh_short_C2
2530	EXG77840.1	1122990.BAJH01000006_gene973	1.64e-70	213.0	COG0347@1|root,COG0347@2|Bacteria,4NQG9@976|Bacteroidetes,2FSGK@200643|Bacteroidia	Belongs to the P(II) protein family	-	-	ko:K04751	ko02020,map02020	ko00000,ko00001	P-II
2530	EXG77841.1	1122990.BAJH01000006_gene972	0.0	908.0	COG0004@1|root,COG0004@2|Bacteria,4NDV2@976|Bacteroidetes,2FNEC@200643|Bacteroidia	Psort location CytoplasmicMembrane, score 10.00	amt	-	ko:K03320	-	ko00000,ko02000	Ammonium_transp
2530	EXG77842.1	1122978.AUFP01000002_gene2043	1.74e-89	267.0	COG1102@1|root,COG1102@2|Bacteria	Psort location Cytoplasmic, score	mmyX	-	ko:K01812,ko:K16139	ko00040,ko01100,map00040,map01100	ko00000,ko00001,ko00002,ko01000,ko02000	AAA_28,Cytidylate_kin2,MFS_2
2530	EXG77843.1	537011.PREVCOP_06888	1.56e-49	160.0	COG1380@1|root,COG1380@2|Bacteria	Effector of murein hydrolase LrgA	lrgA	GO:0000270,GO:0003674,GO:0005215,GO:0005575,GO:0005623,GO:0005886,GO:0006022,GO:0006026,GO:0006027,GO:0006807,GO:0006810,GO:0008104,GO:0008150,GO:0008152,GO:0008565,GO:0009056,GO:0009057,GO:0009253,GO:0015031,GO:0015833,GO:0016020,GO:0030203,GO:0033036,GO:0042886,GO:0043170,GO:0044464,GO:0045184,GO:0051179,GO:0051234,GO:0071702,GO:0071704,GO:0071705,GO:0071944,GO:1901135,GO:1901136,GO:1901564,GO:1901565,GO:1901575	ko:K05338,ko:K06518	ko02020,map02020	ko00000,ko00001,ko02000	LrgA
2530	EXG77844.1	1236508.BAKF01000032_gene1982	2.42e-108	318.0	COG1346@1|root,COG1346@2|Bacteria,4NM6T@976|Bacteroidetes,2FMZ5@200643|Bacteroidia	Psort location CytoplasmicMembrane, score 10.00	lrgB	-	-	-	-	LrgB
2530	EXG77845.1	1122990.BAJH01000023_gene2310	9.91e-99	288.0	COG0454@1|root,COG0456@2|Bacteria,4NQNE@976|Bacteroidetes,2FMXQ@200643|Bacteroidia	Psort location Cytoplasmic, score 8.96	-	-	-	-	-	-
2530	EXG77846.1	1122978.AUFP01000005_gene1294	0.0	1074.0	COG3250@1|root,COG3250@2|Bacteria,4NGZD@976|Bacteroidetes,2G08E@200643|Bacteroidia	Belongs to the glycosyl hydrolase 2 family	-	-	ko:K01190	ko00052,ko00511,ko00600,ko01100,map00052,map00511,map00600,map01100	ko00000,ko00001,ko01000	DUF4982,Glyco_hydro_2,Glyco_hydro_2_C,Glyco_hydro_2_N,Glyco_hydro_43
2530	EXG77847.1	1122985.HMPREF1991_00818	9.87e-118	347.0	COG4823@1|root,COG4823@2|Bacteria,4NN89@976|Bacteroidetes,2FSDA@200643|Bacteroidia	Abi-like protein	-	-	-	-	-	Abi_2
2530	EXG77849.1	221109.22779067	1e-16	82.8	COG1474@1|root,COG1474@2|Bacteria,1UYHX@1239|Firmicutes,4HF4H@91061|Bacilli	the current gene model (or a revised gene model) may contain a frame shift	-	-	-	-	-	-
2530	EXG77851.1	1121870.AUAA01000056_gene1161	1.44e-181	561.0	COG0286@1|root,COG0286@2|Bacteria,4NI6W@976|Bacteroidetes,1HYHA@117743|Flavobacteriia	N-6 DNA Methylase	-	-	-	-	-	N6_Mtase,TaqI_C
2530	EXG77852.1	264731.PRU_2778	8.65e-49	161.0	COG0776@1|root,COG0776@2|Bacteria	regulation of translation	-	-	-	-	-	Bac_DNA_binding
2530	EXG77853.1	484018.BACPLE_01932	1.7e-209	585.0	COG3177@1|root,COG3177@2|Bacteria,4NF0H@976|Bacteroidetes,2FPDB@200643|Bacteroidia,4AN7Y@815|Bacteroidaceae	Domain of unknown function (DUF4172)	-	-	-	-	-	DUF4172,Fic
2530	EXG77855.1	435591.BDI_0226	5.96e-142	418.0	COG1538@1|root,COG1538@2|Bacteria,4NGT5@976|Bacteroidetes,2FPRG@200643|Bacteroidia,22XER@171551|Porphyromonadaceae	Outer membrane efflux protein	czcC_2	-	ko:K15725	-	ko00000,ko02000	OEP
2530	EXG77856.1	435591.BDI_0225	0.0	1481.0	COG3696@1|root,COG3696@2|Bacteria,4P36A@976|Bacteroidetes,2FMH3@200643|Bacteroidia,22VYK@171551|Porphyromonadaceae	Belongs to the resistance-nodulation-cell division (RND) (TC 2.A.6) family	-	-	ko:K15726	-	ko00000,ko02000	ACR_tran
2530	EXG77857.1	1122931.AUAE01000022_gene1494	7.73e-126	373.0	COG0845@1|root,COG0845@2|Bacteria,4NIP7@976|Bacteroidetes,2FQAJ@200643|Bacteroidia,22XSP@171551|Porphyromonadaceae	Barrel-sandwich domain of CusB or HlyD membrane-fusion	-	-	ko:K15727	-	ko00000,ko02000	HlyD_D23
2530	EXG77858.1	471870.BACINT_04975	5.26e-08	54.7	2EP0A@1|root,33GM5@2|Bacteria,4NYGM@976|Bacteroidetes,2FUEY@200643|Bacteroidia,4ARRX@815|Bacteroidaceae	-	-	-	-	-	-	-
2530	EXG77859.1	1040982.AXAL01000009_gene6045	8.39e-28	109.0	COG4675@1|root,COG4675@2|Bacteria,1MZY9@1224|Proteobacteria,2U8Y9@28211|Alphaproteobacteria,43PNV@69277|Phyllobacteriaceae	Phage Tail Collar Domain	-	-	-	-	-	Collar
2530	EXG77860.1	485918.Cpin_4899	7.31e-54	176.0	COG4675@1|root,COG4675@2|Bacteria,4NQJR@976|Bacteroidetes	tail collar domain protein	-	-	-	-	-	Collar
2530	EXG77861.1	485918.Cpin_4900	1.33e-49	166.0	COG4675@1|root,COG4675@2|Bacteria,4NQJR@976|Bacteroidetes,1IT97@117747|Sphingobacteriia	Tail Collar domain protein	-	-	-	-	-	Collar
2530	EXG77862.1	391596.PBAL39_09201	1.89e-102	309.0	COG0223@1|root,COG0223@2|Bacteria,4NT42@976|Bacteroidetes,1IRF0@117747|Sphingobacteriia	Formyl transferase domain protein	-	-	ko:K00604	ko00670,ko00970,map00670,map00970	ko00000,ko00001,ko01000	Formyl_trans_C,Formyl_trans_N
2530	EXG77863.1	485918.Cpin_4907	1.04e-15	73.2	2AE1K@1|root,313UC@2|Bacteria,4NY8A@976|Bacteroidetes,1IUI9@117747|Sphingobacteriia	Coenzyme PQQ synthesis protein D (PqqD)	-	-	-	-	-	PqqD
2530	EXG77865.1	485918.Cpin_4904	9.55e-132	407.0	COG0367@1|root,COG0367@2|Bacteria,4NFQ3@976|Bacteroidetes,1IR5W@117747|Sphingobacteriia	asparagine synthase	-	-	ko:K01953	ko00250,ko01100,ko01110,map00250,map01100,map01110	ko00000,ko00001,ko01000,ko01002	Asn_synthase,GATase_7
2530	EXG77866.1	485918.Cpin_4905	6.35e-23	94.4	COG1352@1|root,COG1352@2|Bacteria	protein-glutamate O-methyltransferase activity	-	-	-	-	-	Transglut_core3
2530	EXG77867.1	485918.Cpin_4906	1.85e-68	222.0	COG1493@1|root,COG1493@2|Bacteria,4NP6S@976|Bacteroidetes,1J0F1@117747|Sphingobacteriia	Catalyzes the ATP- as well as the pyrophosphate- dependent phosphorylation of a specific serine residue in HPr, a phosphocarrier protein of the phosphoenolpyruvate-dependent sugar phosphotransferase system (PTS). HprK P also catalyzes the pyrophosphate-producing, inorganic phosphate-dependent dephosphorylation (phosphorolysis) of seryl-phosphorylated HPr (P- Ser-HPr). The two antagonistic activities of HprK P are regulated by several intracellular metabolites, which change their concentration in response to the absence or presence of rapidly metabolisable carbon sources (glucose, fructose, etc.) in the growth medium. Therefore, by controlling the phosphorylation state of HPr, HPrK P is a sensor enzyme that plays a major role in the regulation of carbon metabolism and sugar transport it mediates carbon catabolite repression (CCR), and regulates PTS-catalyzed carbohydrate uptake and inducer exclusion	-	-	-	-	-	-
2530	EXG77868.1	1450694.BTS2_2283	5.28e-21	100.0	COG1216@1|root,COG1216@2|Bacteria,1V01C@1239|Firmicutes,4HEIS@91061|Bacilli,1ZDYG@1386|Bacillus	Uncharacterised nucleotidyltransferase	-	-	-	-	-	NTP_transf_5
2530	EXG77869.1	265729.GS18_0206085	6.59e-68	238.0	COG1132@1|root,COG1132@2|Bacteria,1TQAN@1239|Firmicutes,4HBES@91061|Bacilli,1ZB30@1386|Bacillus	COG1132 ABC-type multidrug transport system, ATPase and permease components	hetA	-	ko:K06148	-	ko00000,ko02000	ABC_membrane,ABC_tran
2530	EXG77870.1	1287488.HMPREF0671_04185	2.87e-290	796.0	COG0166@1|root,COG0166@2|Bacteria,4NDV0@976|Bacteroidetes,2FP20@200643|Bacteroidia	Belongs to the GPI family	pgi	-	ko:K01810	ko00010,ko00030,ko00500,ko00520,ko01100,ko01110,ko01120,ko01130,ko01200,map00010,map00030,map00500,map00520,map01100,map01110,map01120,map01130,map01200	ko00000,ko00001,ko00002,ko01000,ko04147	PGI
2530	EXG77871.1	264731.PRU_1692	2.73e-218	604.0	COG0240@1|root,COG0240@2|Bacteria,4NF4R@976|Bacteroidetes,2FND2@200643|Bacteroidia	Glycerol-3-phosphate dehydrogenase	gpsA	-	ko:K00057	ko00564,ko01110,map00564,map01110	ko00000,ko00001,ko01000	NAD_Gly3P_dh_C,NAD_Gly3P_dh_N
2530	EXG77872.1	1287488.HMPREF0671_04195	0.0	1006.0	COG1190@1|root,COG1190@2|Bacteria,4NDZN@976|Bacteroidetes,2FMXC@200643|Bacteroidia	Belongs to the class-II aminoacyl-tRNA synthetase family	lysS	-	ko:K04567	ko00970,map00970	ko00000,ko00001,ko00002,ko01000,ko01007,ko03016	DUF4332,tRNA-synt_2,tRNA_anti-codon
2530	EXG77873.1	1410666.JHXG01000010_gene1115	6.3e-141	408.0	COG1940@1|root,COG1940@2|Bacteria,4NFZ1@976|Bacteroidetes,2FNGN@200643|Bacteroidia	ROK family	glcK	-	ko:K00845	ko00010,ko00052,ko00500,ko00520,ko00521,ko00524,ko01100,ko01110,ko01120,ko01130,ko01200,map00010,map00052,map00500,map00520,map00521,map00524,map01100,map01110,map01120,map01130,map01200	ko00000,ko00001,ko00002,ko01000	ROK
2530	EXG77874.1	1235815.BAIX01000022_gene1652	4.07e-58	183.0	COG2050@1|root,COG2050@2|Bacteria,4NNYG@976|Bacteroidetes,2FS5U@200643|Bacteroidia	hmm pf03061	ydiI	-	ko:K19222	ko00130,ko01100,ko01110,map00130,map01100,map01110	ko00000,ko00001,ko00002,ko01000	4HBT
2530	EXG77875.1	1408310.JHUW01000008_gene2174	2.13e-122	363.0	COG1169@1|root,COG1169@2|Bacteria,4NF6U@976|Bacteroidetes,2FNBU@200643|Bacteroidia	Isochorismate synthase	entC	-	ko:K02361,ko:K02552	ko00130,ko01053,ko01100,ko01110,ko01130,map00130,map01053,map01100,map01110,map01130	ko00000,ko00001,ko00002,ko01000	Chorismate_bind
2530	EXG77876.1	862515.HMPREF0658_2276	2.07e-213	611.0	COG1165@1|root,COG1165@2|Bacteria,4NETZ@976|Bacteroidetes,2FMSK@200643|Bacteroidia	Catalyzes the thiamine diphosphate-dependent decarboxylation of 2-oxoglutarate and the subsequent addition of the resulting succinic semialdehyde-thiamine pyrophosphate anion to isochorismate to yield 2-succinyl-5-enolpyruvyl-6-hydroxy-3- cyclohexene-1-carboxylate (SEPHCHC)	menD	-	ko:K02551	ko00130,ko01100,ko01110,map00130,map01100,map01110	ko00000,ko00001,ko00002,ko01000	TPP_enzyme_C,TPP_enzyme_M_2,TPP_enzyme_N
2530	EXG77877.1	1002367.HMPREF0673_02962	3.78e-185	516.0	COG0447@1|root,COG0447@2|Bacteria,4NDXT@976|Bacteroidetes,2FMME@200643|Bacteroidia	Converts o-succinylbenzoyl-CoA (OSB-CoA) to 1,4- dihydroxy-2-naphthoyl-CoA (DHNA-CoA)	menB	-	ko:K01661	ko00130,ko01100,ko01110,map00130,map01100,map01110	ko00000,ko00001,ko00002,ko01000	ECH_1
2530	EXG77878.1	1287488.HMPREF0671_04210	4.23e-147	424.0	COG0318@1|root,COG0318@2|Bacteria,4NEXK@976|Bacteroidetes,2FM16@200643|Bacteroidia	O-succinylbenzoic acid--CoA ligase	menE	-	ko:K01911	ko00130,ko01100,ko01110,map00130,map01100,map01110	ko00000,ko00001,ko00002,ko01000	AMP-binding,AMP-binding_C
2530	EXG77879.1	1122978.AUFP01000002_gene2116	8.97e-189	531.0	COG4948@1|root,COG4948@2|Bacteria,4NEBX@976|Bacteroidetes,2FMXR@200643|Bacteroidia	O-succinylbenzoate synthase	menC	-	-	-	-	MR_MLE_C
2530	EXG77880.1	1122978.AUFP01000002_gene2114	3.6e-177	502.0	COG0337@1|root,COG0337@2|Bacteria,4NGSS@976|Bacteroidetes,2FNVM@200643|Bacteroidia	Catalyzes the conversion of 3-deoxy-D-arabino- heptulosonate 7-phosphate (DAHP) to dehydroquinate (DHQ)	aroB	-	ko:K01735	ko00400,ko01100,ko01110,ko01130,ko01230,map00400,map01100,map01110,map01130,map01230	ko00000,ko00001,ko00002,ko01000	DHQ_synthase
2530	EXG77881.1	1203550.HMPREF1475_00771	0.0	1181.0	COG1615@1|root,COG4206@1|root,COG1615@2|Bacteria,COG4206@2|Bacteria,4PKFW@976|Bacteroidetes,2FM4V@200643|Bacteroidia	Psort location OuterMembrane, score	-	-	-	-	-	CarbopepD_reg_2,CarboxypepD_reg,OMP_b-brl_3
2530	EXG77882.1	1287488.HMPREF0671_04100	2.65e-88	264.0	COG0299@1|root,COG0299@2|Bacteria,4NNZP@976|Bacteroidetes,2FSNJ@200643|Bacteroidia	Catalyzes the transfer of a formyl group from 10- formyltetrahydrofolate to 5-phospho-ribosyl-glycinamide (GAR), producing 5-phospho-ribosyl-N-formylglycinamide (FGAR) and tetrahydrofolate	purN	-	ko:K11175	ko00230,ko00670,ko01100,ko01110,ko01130,map00230,map00670,map01100,map01110,map01130	ko00000,ko00001,ko00002,ko01000	Formyl_trans_N
2530	EXG77883.1	1122990.BAJH01000004_gene733	3.82e-73	221.0	COG1188@1|root,COG1188@2|Bacteria,4NP8I@976|Bacteroidetes,2FRYM@200643|Bacteroidia	S4 domain protein	hslR	-	ko:K04762	-	ko00000,ko03110	S4
2530	EXG77884.1	1410613.JNKF01000011_gene1256	1.72e-105	307.0	COG0193@1|root,COG0193@2|Bacteria,4NI7N@976|Bacteroidetes,2FN36@200643|Bacteroidia	The natural substrate for this enzyme may be peptidyl- tRNAs which drop off the ribosome during protein synthesis	pth	GO:0003674,GO:0003824,GO:0004045,GO:0016787,GO:0016788,GO:0052689,GO:0140098,GO:0140101	ko:K01056	-	ko00000,ko01000,ko03012	Pept_tRNA_hydro
2530	EXG77885.1	1280674.AUJK01000001_gene1027	1.23e-113	330.0	COG1825@1|root,COG1825@2|Bacteria,4NEN6@976|Bacteroidetes,2FN3J@200643|Bacteroidia	This is one of the proteins that binds to the 5S RNA in the ribosome where it forms part of the central protuberance	ctc	GO:0003674,GO:0003676,GO:0003723,GO:0005488,GO:0005575,GO:0005622,GO:0005623,GO:0005737,GO:0005829,GO:0005840,GO:0006412,GO:0006518,GO:0006807,GO:0008097,GO:0008150,GO:0008152,GO:0009058,GO:0009059,GO:0009987,GO:0010467,GO:0015934,GO:0019538,GO:0019843,GO:0022625,GO:0022626,GO:0032991,GO:0034641,GO:0034645,GO:0043043,GO:0043170,GO:0043226,GO:0043228,GO:0043229,GO:0043232,GO:0043603,GO:0043604,GO:0044237,GO:0044238,GO:0044249,GO:0044260,GO:0044267,GO:0044271,GO:0044391,GO:0044422,GO:0044424,GO:0044444,GO:0044445,GO:0044446,GO:0044464,GO:0071704,GO:0097159,GO:1901363,GO:1901564,GO:1901566,GO:1901576,GO:1990904	ko:K02897	ko03010,map03010	ko00000,ko00001,ko00002,ko03011	Ribosomal_L25p,Ribosomal_TL5_C
2530	EXG77886.1	1002367.HMPREF0673_01041	6.23e-161	460.0	COG0781@1|root,COG0781@2|Bacteria,4NDVR@976|Bacteroidetes,2FMU4@200643|Bacteroidia	Involved in transcription antitermination. Required for transcription of ribosomal RNA (rRNA) genes. Binds specifically to the boxA antiterminator sequence of the ribosomal RNA (rrn) operons	nusB	-	ko:K03625	-	ko00000,ko03009,ko03021	NusB
2530	EXG77887.1	1236494.BAJN01000018_gene2062	6.72e-46	150.0	COG1862@1|root,COG1862@2|Bacteria,4NUT4@976|Bacteroidetes,2FSSK@200643|Bacteroidia	Preprotein translocase, YajC subunit	yajC	-	ko:K03210	ko02024,ko03060,ko03070,map02024,map03060,map03070	ko00000,ko00001,ko00002,ko02044	YajC
2530	EXG77888.1	1203550.HMPREF1475_00764	1.67e-118	351.0	COG4856@1|root,COG4856@2|Bacteria,4NHJQ@976|Bacteroidetes,2FM3I@200643|Bacteroidia	YbbR-like protein	-	-	-	-	-	YbbR
2530	EXG77889.1	264731.PRU_0244	1.65e-73	227.0	COG0237@1|root,COG0237@2|Bacteria,4NQKS@976|Bacteroidetes,2FSP8@200643|Bacteroidia	Catalyzes the phosphorylation of the 3'-hydroxyl group of dephosphocoenzyme A to form coenzyme A	coaE	GO:0003674,GO:0003824,GO:0004140,GO:0006139,GO:0006163,GO:0006164,GO:0006725,GO:0006732,GO:0006753,GO:0006793,GO:0006796,GO:0006807,GO:0008150,GO:0008152,GO:0009058,GO:0009108,GO:0009117,GO:0009150,GO:0009152,GO:0009165,GO:0009259,GO:0009260,GO:0009987,GO:0015936,GO:0015937,GO:0016301,GO:0016310,GO:0016740,GO:0016772,GO:0016773,GO:0018130,GO:0019438,GO:0019637,GO:0019693,GO:0033865,GO:0033866,GO:0033875,GO:0034030,GO:0034032,GO:0034033,GO:0034641,GO:0034654,GO:0044237,GO:0044238,GO:0044249,GO:0044271,GO:0044281,GO:0046390,GO:0046483,GO:0051186,GO:0051188,GO:0055086,GO:0071704,GO:0072521,GO:0072522,GO:0090407,GO:1901135,GO:1901137,GO:1901293,GO:1901360,GO:1901362,GO:1901564,GO:1901566,GO:1901576	ko:K00859	ko00770,ko01100,map00770,map01100	ko00000,ko00001,ko00002,ko01000	CoaE
2530	EXG77890.1	1236504.HMPREF2132_05140	1.45e-76	231.0	2DEYG@1|root,2ZPSM@2|Bacteria,4NNJW@976|Bacteroidetes,2FTAK@200643|Bacteroidia	COG NOG14473 non supervised orthologous group	-	-	-	-	-	-
2530	EXG77891.1	1203550.HMPREF1475_01719	6.52e-67	206.0	COG0071@1|root,COG0071@2|Bacteria,4NQXY@976|Bacteroidetes,2FS35@200643|Bacteroidia	Belongs to the small heat shock protein (HSP20) family	hsp20	-	ko:K13993	ko04141,map04141	ko00000,ko00001,ko03110	HSP20
2530	EXG77893.1	679189.HMPREF9019_0889	2.24e-118	343.0	COG1738@1|root,COG1738@2|Bacteria,4NFP3@976|Bacteroidetes,2FM04@200643|Bacteroidia	Involved in the import of queuosine (Q) precursors, required for Q precursor salvage	yhhQ	-	ko:K09125	-	ko00000	Vut_1
2530	EXG77894.1	585502.HMPREF0645_1653	3.15e-98	286.0	COG0780@1|root,COG0780@2|Bacteria,4NMSC@976|Bacteroidetes,2FRSH@200643|Bacteroidia	Catalyzes the NADPH-dependent reduction of 7-cyano-7- deazaguanine (preQ0) to 7-aminomethyl-7-deazaguanine (preQ1)	queF	-	ko:K09457	ko00790,ko01100,map00790,map01100	ko00000,ko00001,ko01000,ko03016	QueF
2530	EXG77895.1	1203550.HMPREF1475_00755	8.61e-256	733.0	COG0729@1|root,COG1752@1|root,COG0729@2|Bacteria,COG1752@2|Bacteria,4NDXY@976|Bacteroidetes,2FNEV@200643|Bacteroidia	Phospholipase, patatin family	-	-	ko:K07001	-	ko00000	POTRA,Patatin
2530	EXG77896.1	862515.HMPREF0658_1050	0.0	1038.0	COG5016@1|root,COG5016@2|Bacteria,4NEQV@976|Bacteroidetes,2FMXG@200643|Bacteroidia	COG5016 Pyruvate oxaloacetate carboxyltransferase	-	-	ko:K01960	ko00020,ko00620,ko00720,ko01100,ko01120,ko01200,ko01230,map00020,map00620,map00720,map01100,map01120,map01200,map01230	ko00000,ko00001,ko00002,ko01000	Biotin_lipoyl,Biotin_lipoyl_2,HMGL-like,PYC_OADA
2530	EXG77897.1	537011.PREVCOP_04561	2.54e-90	268.0	COG1713@1|root,COG1713@2|Bacteria,4NP01@976|Bacteroidetes,2FSH5@200643|Bacteroidia	HDIG domain protein	-	-	ko:K06950	-	ko00000	HD
2530	EXG77898.1	908937.Prede_1611	0.0	1336.0	COG1452@1|root,COG1452@2|Bacteria,4NFWD@976|Bacteroidetes,2FM9F@200643|Bacteroidia	Psort location OuterMembrane, score	-	-	-	-	-	-
2530	EXG77899.1	1236494.BAJN01000007_gene1129	0.0	1049.0	COG0475@1|root,COG0490@1|root,COG0475@2|Bacteria,COG0490@2|Bacteria,4NGF6@976|Bacteroidetes,2FNTX@200643|Bacteroidia	TrkA C-terminal domain protein	nhaA	-	ko:K03455	-	ko00000	Na_H_Exchanger,TrkA_C
2530	EXG77900.1	1236494.BAJN01000007_gene1130	8.83e-244	675.0	COG2195@1|root,COG2195@2|Bacteria,4NE7N@976|Bacteroidetes,2FMBF@200643|Bacteroidia	Cleaves the N-terminal amino acid of tripeptides	pepT	-	ko:K01258	-	ko00000,ko01000,ko01002	M20_dimer,Peptidase_M20
2530	EXG77901.1	264731.PRU_2825	3.06e-138	397.0	COG1179@1|root,COG1179@2|Bacteria,4NEKB@976|Bacteroidetes,2FMG4@200643|Bacteroidia	ThiF family	hypB	-	ko:K22132	-	ko00000,ko03016	ThiF
2530	EXG77902.1	702438.HMPREF9431_00818	8.28e-170	483.0	COG2008@1|root,COG2008@2|Bacteria,4NEIH@976|Bacteroidetes,2FPGW@200643|Bacteroidia	Threonine aldolase	ltaE	-	ko:K01620	ko00260,ko01100,ko01110,ko01120,ko01130,ko01230,map00260,map01100,map01110,map01120,map01130,map01230	ko00000,ko00001,ko01000	Beta_elim_lyase
2530	EXG77904.1	1122990.BAJH01000022_gene2275	3.9e-225	623.0	COG2502@1|root,COG2502@2|Bacteria,4NFZA@976|Bacteroidetes,2FMP0@200643|Bacteroidia	aspartate--ammonia ligase	asnA	-	ko:K01914	ko00250,ko00460,ko01100,ko01110,ko01230,map00250,map00460,map01100,map01110,map01230	ko00000,ko00001,ko01000	AsnA
2530	EXG77905.1	1203550.HMPREF1475_00744	5.64e-263	739.0	COG2812@1|root,COG2812@2|Bacteria,4NE8A@976|Bacteroidetes,2FN52@200643|Bacteroidia	DNA polymerase III is a complex, multichain enzyme responsible for most of the replicative synthesis in bacteria. This DNA polymerase also exhibits 3' to 5' exonuclease activity	dnaX	-	ko:K02343	ko00230,ko00240,ko01100,ko03030,ko03430,ko03440,map00230,map00240,map01100,map03030,map03430,map03440	ko00000,ko00001,ko00002,ko01000,ko03032,ko03400	DNA_pol3_delta2,DNA_pol3_gamma3
2530	EXG77906.1	1122985.HMPREF1991_03141	1.16e-218	615.0	COG1055@1|root,COG1055@2|Bacteria,4NGP4@976|Bacteroidetes,2FQ8M@200643|Bacteroidia	Citrate transporter	nhaD	-	-	-	-	CitMHS
